cohort,signature,n_symbols,n_present,coverage,logrank_p,hr_raw,p_raw,hr_adj,p_adj,pcna_cor,retention,excluded
Loi OS,ABBA,111,110,0.991,2e-06,2.7317,5e-06,2.4906,0.007348,0.99,0.9081,
Loi OS,ADORNO,2,2,1.0,,,,,,,,検出 2 遺伝子
Loi OS,BEN-PORATH-EXP1,367,355,0.9673,1.2e-05,2.5155,2.4e-05,2.0067,0.032188,0.9516,0.755,
Loi OS,BEN-PORATH-PRC2,631,561,0.8891,0.004289,1.8169,0.004871,1.5542,0.043591,0.1782,0.7384,
Loi OS,BUESS,30,29,0.9667,0.720649,1.0759,0.720186,0.8451,0.426402,0.358,2.2998,
Loi OS,BUFFA,3,3,1.0,0.001143,1.9704,0.00141,1.6286,0.027535,0.3588,0.7191,
Loi OS,CARTER,70,69,0.9857,4e-06,2.6584,9e-06,2.312,0.013016,0.9911,0.8572,
Loi OS,CHANG,355,350,0.9859,1.8e-05,2.4786,3.3e-05,1.9165,0.031502,0.9062,0.7166,
Loi OS,CHI,136,129,0.9485,0.925714,0.9808,0.924535,0.8673,0.493274,0.1866,7.3491,
Loi OS,CRAWFORD,377,363,0.9629,0.0,3.0042,1e-06,3.1114,0.000944,0.9862,1.0319,
Loi OS,DAI,35,35,1.0,8e-06,2.5574,1.7e-05,2.0949,0.024288,0.9778,0.7876,
Loi OS,GLINSKY,11,11,1.0,1e-06,2.7969,4e-06,2.5094,0.00437,0.9417,0.8946,
Loi OS,HALLSTROM,78,72,0.9231,3e-06,2.7093,6e-06,2.4062,0.008529,0.9756,0.8809,
Loi OS,HE,6,0,0.0,,,,,,,,被覆率 <60%
Loi OS,HU,13,13,1.0,0.020741,1.6106,0.022063,1.1781,0.479243,0.4821,0.3439,
Loi OS,HUA,1345,1289,0.9584,2e-06,0.3635,5e-06,0.4355,0.004553,-0.8566,0.8213,
Loi OS,IVSHINA,17,17,1.0,1.4e-05,2.5008,2.7e-05,1.9842,0.036803,0.9663,0.7476,
Loi OS,KOK,179,172,0.9609,1e-06,2.9186,2e-06,2.7125,0.001846,0.9401,0.9316,
Loi OS,KORKOLA,21,20,0.9524,0.163037,1.3291,0.164892,0.7454,0.255315,0.7342,1.0327,
Loi OS,LIU,167,159,0.9521,2.2e-05,2.4562,4e-05,1.8818,0.022498,0.7721,0.7036,
Loi OS,MA,30,30,1.0,2e-06,2.769,5e-06,2.5128,0.005813,0.9817,0.9047,
Loi OS,META-PCNA,129,127,0.9845,1e-06,2.8144,3e-06,2.6864,0.004193,1.0,0.955,
Loi OS,MILLER,18,18,1.0,0.001181,0.509,0.001461,0.7549,0.296096,-0.7429,0.4162,
Loi OS,MORI,156,145,0.9295,0.152026,1.34,0.153637,0.9139,0.697008,0.55,0.3078,
Loi OS,PAIK,16,16,1.0,3e-06,2.6834,8e-06,2.2479,0.008276,0.8793,0.8206,
Loi OS,PAWITAN,46,44,0.9565,0.000151,2.214,0.000221,1.5231,0.173142,0.9268,0.5293,
Loi OS,PEI,2,2,1.0,,,,,,,,検出 2 遺伝子
Loi OS,RAMASWAMY,16,16,1.0,0.008058,0.5787,0.008873,0.966,0.900532,-0.7756,0.0633,
Loi OS,REUTER,714,698,0.9776,0.324331,0.8169,0.324529,0.9454,0.788188,-0.2494,0.2778,
Loi OS,RHODES,67,67,1.0,3.2e-05,2.3952,5.6e-05,1.8024,0.076573,0.9786,0.6745,
Loi OS,SAAL,162,158,0.9753,0.0,3.3883,0.0,3.8625,5e-05,0.959,1.1073,
Loi OS,SHIPITSIN,56,55,0.9821,1.3e-05,2.5099,2.6e-05,1.955,0.013588,0.7029,0.7285,
Loi OS,SORLIE,15,14,0.9333,0.515772,0.8753,0.515821,0.9864,0.946944,-0.1457,0.103,
Loi OS,SOTIRIOU-93,343,338,0.9854,0.002695,1.86,0.003138,1.0775,0.805016,0.9025,0.1203,
Loi OS,SOTIRIOU-GGI,90,89,0.9889,1.2e-05,2.5193,2.4e-05,2.0329,0.034279,0.9845,0.7678,
Loi OS,TAUBE,242,231,0.9545,0.141951,0.7398,0.14311,1.0044,0.984586,-0.4182,0.0144,
Loi OS,TAVAZOIE,6,6,1.0,0.949347,0.9873,0.950032,1.1952,0.39955,-0.2085,13.9298,
Loi OS,VALASTYAN,6,6,1.0,0.898591,1.0263,0.898991,1.1968,0.390485,-0.2188,6.9293,
Loi OS,VANTVEER,60,60,1.0,4.3e-05,2.3528,7.1e-05,1.7334,0.080624,0.9386,0.6429,
Loi OS,WANG-76,68,64,0.9412,2e-06,2.7649,4e-06,2.4018,0.004551,0.9062,0.8615,
Loi OS,WANG-ALK5T204D,239,226,0.9456,0.000146,2.2302,0.000215,1.6803,0.041455,0.5379,0.6471,
Loi OS,WELM,3,3,1.0,0.229832,0.7826,0.231467,0.8356,0.38184,-0.1717,0.7326,
Loi OS,WEST,468,447,0.9551,0.135007,0.7364,0.136174,1.0286,0.901826,-0.4639,0.092,
Loi OS,WHITFIELD,587,574,0.9779,5e-06,2.6314,1.1e-05,2.2367,0.015503,0.9822,0.832,
Loi OS,WONG-ESC,335,324,0.9672,5.3e-05,2.3431,8.7e-05,1.7065,0.098792,0.9574,0.6277,
Loi OS,WONG-MITOCHON,217,214,0.9862,1.2e-05,2.5209,2.4e-05,1.982,0.006311,0.5912,0.7399,
Loi OS,WONG-PROTEAS,46,46,1.0,0.002655,1.8669,0.0031,1.1666,0.58386,0.7932,0.2468,
Loi OS,YU,14,14,1.0,1e-05,0.3973,1.9e-05,0.4491,0.000273,-0.2578,0.8672,
Loi RFS,ABBA,111,110,0.991,1e-06,2.3099,3e-06,2.0531,0.010432,0.9898,0.8592,
Loi RFS,ADORNO,2,2,1.0,,,,,,,,検出 2 遺伝子
Loi RFS,BEN-PORATH-EXP1,367,355,0.9673,6e-06,2.1841,1e-05,1.7657,0.034611,0.9519,0.7277,
Loi RFS,BEN-PORATH-PRC2,631,561,0.8891,0.084775,1.3421,0.085865,1.1645,0.387706,0.1545,0.5176,
Loi RFS,BUESS,30,29,0.9667,0.651832,1.0796,0.65175,0.873,0.440705,0.3446,1.7731,
Loi RFS,BUFFA,3,3,1.0,0.002317,1.6851,0.002596,1.4156,0.054843,0.3547,0.6659,
Loi RFS,CARTER,70,69,0.9857,1e-06,2.318,2e-06,2.0684,0.009401,0.9908,0.8645,
Loi RFS,CHANG,355,350,0.9859,1.8e-05,2.095,2.7e-05,1.6061,0.058163,0.9048,0.6406,
Loi RFS,CHI,136,129,0.9485,0.320895,1.1837,0.321221,1.0237,0.893907,0.2473,0.1386,
Loi RFS,CRAWFORD,377,363,0.9629,1e-06,2.3175,2e-06,2.0729,0.00952,0.9858,0.8673,
Loi RFS,DAI,35,35,1.0,6e-06,2.1895,1e-05,1.7798,0.033792,0.9772,0.7356,
Loi RFS,GLINSKY,11,11,1.0,2e-06,2.281,4e-06,1.9393,0.012158,0.9409,0.8032,
Loi RFS,HALLSTROM,78,72,0.9231,3e-06,2.2298,6e-06,1.8676,0.023205,0.9751,0.7789,
Loi RFS,HE,6,0,0.0,,,,,,,,被覆率 <60%
Loi RFS,HU,13,13,1.0,0.001611,1.7185,0.001834,1.3452,0.123534,0.4796,0.5477,
Loi RFS,HUA,1345,1289,0.9584,1.8e-05,0.4764,2.8e-05,0.6194,0.046286,-0.8527,0.646,
Loi RFS,IVSHINA,17,17,1.0,2.2e-05,2.0796,3.3e-05,1.5725,0.093718,0.9653,0.6183,
Loi RFS,KOK,179,172,0.9609,4e-06,2.2171,8e-06,1.813,0.02313,0.9382,0.7473,
Loi RFS,KORKOLA,21,20,0.9524,0.007083,1.5809,0.007601,1.0915,0.675428,0.7324,0.1911,
Loi RFS,LIU,167,159,0.9521,0.000116,1.9407,0.000153,1.4363,0.105171,0.7635,0.5461,
Loi RFS,MA,30,30,1.0,1e-06,2.3557,2e-06,2.1352,0.006222,0.9811,0.8853,
Loi RFS,META-PCNA,129,127,0.9845,4e-06,2.2135,7e-06,1.8514,0.029996,1.0,0.7752,
Loi RFS,MILLER,18,18,1.0,0.006986,0.631,0.007489,0.966,0.87621,-0.7359,0.0751,
Loi RFS,MORI,156,145,0.9295,0.001349,1.7281,0.001542,1.3527,0.113039,0.5257,0.5523,
Loi RFS,PAIK,16,16,1.0,5e-06,2.197,9e-06,1.7701,0.023913,0.8781,0.7255,
Loi RFS,PAWITAN,46,44,0.9565,0.000184,1.9028,0.000235,1.3042,0.299226,0.9253,0.4129,
Loi RFS,PEI,2,2,1.0,,,,,,,,検出 2 遺伝子
Loi RFS,RAMASWAMY,16,16,1.0,0.002937,0.6015,0.003253,0.9211,0.720606,-0.7739,0.1616,
Loi RFS,REUTER,714,698,0.9776,0.426239,0.8734,0.426053,1.0069,0.968432,-0.2365,0.0508,
Loi RFS,RHODES,67,67,1.0,2.8e-05,2.0539,4.2e-05,1.5267,0.125215,0.9777,0.5878,
Loi RFS,SAAL,162,158,0.9753,0.0,2.6239,0.0,2.6942,0.000267,0.9583,1.0274,
Loi RFS,SHIPITSIN,56,55,0.9821,0.000511,1.8106,0.000613,1.2996,0.232171,0.6846,0.4414,
Loi RFS,SORLIE,15,14,0.9333,0.51854,1.1157,0.518897,1.2516,0.189361,-0.1516,2.0488,
Loi RFS,SOTIRIOU-93,343,338,0.9854,0.001036,1.7502,0.0012,1.1041,0.694301,0.8995,0.177,
Loi RFS,SOTIRIOU-GGI,90,89,0.9889,5e-06,2.1967,9e-06,1.8061,0.034446,0.9837,0.7512,
Loi RFS,TAUBE,242,231,0.9545,0.092096,0.7504,0.093114,0.9636,0.841355,-0.4182,0.129,
Loi RFS,TAVAZOIE,6,6,1.0,0.421777,1.1462,0.422135,1.3972,0.060018,-0.2139,2.4514,
Loi RFS,VALASTYAN,6,6,1.0,0.550918,0.9035,0.551049,1.0345,0.84588,-0.2277,0.3341,
Loi RFS,VANTVEER,60,60,1.0,1.3e-05,2.1131,2.1e-05,1.6359,0.059411,0.9378,0.6579,
Loi RFS,WANG-76,68,64,0.9412,1e-06,2.3493,2e-06,2.0401,0.005129,0.9044,0.8348,
Loi RFS,WANG-ALK5T204D,239,226,0.9456,0.007458,1.5813,0.007968,1.1545,0.475294,0.5231,0.3134,
Loi RFS,WELM,3,3,1.0,0.042422,0.7083,0.043507,0.7403,0.07896,-0.1674,0.8718,
Loi RFS,WEST,468,447,0.9551,0.069874,0.7347,0.070903,0.9754,0.895376,-0.4642,0.0807,
Loi RFS,WHITFIELD,587,574,0.9779,8e-06,2.1673,1.3e-05,1.7376,0.043956,0.982,0.7143,
Loi RFS,WONG-ESC,335,324,0.9672,2.2e-05,2.0783,3.4e-05,1.5708,0.090113,0.9571,0.6173,
Loi RFS,WONG-MITOCHON,217,214,0.9862,6.9e-05,1.9806,9.4e-05,1.5478,0.030475,0.5869,0.6392,
Loi RFS,WONG-PROTEAS,46,46,1.0,0.000904,1.7669,0.001056,1.1934,0.447608,0.7852,0.3106,
Loi RFS,YU,14,14,1.0,7e-06,0.4613,1.1e-05,0.5162,0.00023,-0.2706,0.8547,
NKI RFS,ABBA,111,106,0.955,1e-06,2.7862,2e-06,1.6761,0.136066,0.9879,0.504,
NKI RFS,ADORNO,2,2,1.0,,,,,,,,検出 2 遺伝子
NKI RFS,BEN-PORATH-EXP1,367,329,0.8965,0.000507,2.0098,0.000655,0.7943,0.473377,0.9178,0.33,
NKI RFS,BEN-PORATH-PRC2,631,461,0.7306,0.011403,1.6616,0.012309,1.3299,0.173079,-0.0053,0.5614,
NKI RFS,BUESS,30,24,0.8,0.018374,1.6034,0.019459,1.0685,0.762813,0.4501,0.1403,
NKI RFS,BUFFA,3,2,0.6667,,,,,,,,検出 2 遺伝子
NKI RFS,CARTER,70,69,0.9857,1e-06,2.6826,3e-06,1.5158,0.231227,0.9889,0.4215,
NKI RFS,CHANG,355,313,0.8817,9e-06,2.4633,1.7e-05,1.2749,0.456767,0.9106,0.2694,
NKI RFS,CHI,136,113,0.8309,0.000102,2.2088,0.000153,1.7218,0.012987,0.4348,0.6857,
NKI RFS,CRAWFORD,377,330,0.8753,0.0,2.804,1e-06,1.7101,0.118119,0.9864,0.5204,
NKI RFS,DAI,35,35,1.0,0.0,2.8126,1e-06,1.7238,0.114976,0.9763,0.5266,
NKI RFS,GLINSKY,11,10,0.9091,4e-06,2.569,8e-06,1.4618,0.219677,0.914,0.4024,
NKI RFS,HALLSTROM,78,66,0.8462,3e-06,2.5908,6e-06,1.3986,0.324693,0.9743,0.3524,
NKI RFS,HE,6,0,0.0,,,,,,,,被覆率 <60%
NKI RFS,HU,13,12,0.9231,0.001712,1.8749,0.002026,1.2986,0.240946,0.4744,0.4158,
NKI RFS,HUA,1345,1154,0.858,0.0,2.93,1e-06,2.0262,0.006951,0.7055,0.6569,
NKI RFS,IVSHINA,17,14,0.8235,0.0,2.9587,0.0,1.9699,0.04581,0.9573,0.625,
NKI RFS,KOK,179,155,0.8659,1e-06,2.7403,2e-06,1.6484,0.124914,0.9161,0.4958,
NKI RFS,KORKOLA,21,20,0.9524,0.203052,1.2896,0.204151,1.0331,0.87282,0.3179,0.1282,
NKI RFS,LIU,167,136,0.8144,0.003368,1.7985,0.003839,0.9476,0.834003,0.5796,0.0917,
NKI RFS,MA,30,29,0.9667,4e-06,2.5506,8e-06,1.3311,0.405911,0.9749,0.3054,
NKI RFS,META-PCNA,129,120,0.9302,4e-06,2.556,8e-06,1.3154,0.435789,1.0,0.2921,
NKI RFS,MILLER,18,17,0.9444,0.000165,0.467,0.000234,0.7339,0.203923,-0.6835,0.4064,
NKI RFS,MORI,156,121,0.7756,1e-06,2.8122,2e-06,2.0313,0.003188,0.5071,0.6854,
NKI RFS,PAIK,16,16,1.0,0.0,3.5249,0.0,2.824,0.000819,0.8234,0.824,
NKI RFS,PAWITAN,46,41,0.8913,0.0,2.855,1e-06,1.8082,0.074123,0.9468,0.5646,
NKI RFS,PEI,2,2,1.0,,,,,,,,検出 2 遺伝子
NKI RFS,RAMASWAMY,16,14,0.875,0.000148,0.4645,0.000213,0.9209,0.775532,-0.8097,0.1075,
NKI RFS,REUTER,714,633,0.8866,0.109331,1.3764,0.110758,1.0527,0.806111,0.4023,0.1606,
NKI RFS,RHODES,67,62,0.9254,2.4e-05,2.3515,4.1e-05,1.0885,0.802533,0.9726,0.0992,
NKI RFS,SAAL,162,144,0.8889,1.7e-05,2.3872,3e-05,1.1534,0.669287,0.9437,0.1641,
NKI RFS,SHIPITSIN,56,53,0.9464,3e-06,2.5795,7e-06,1.6119,0.080428,0.7186,0.5038,
NKI RFS,SORLIE,15,14,0.9333,0.785726,1.0557,0.78575,0.9506,0.801197,0.2744,0.9353,
NKI RFS,SOTIRIOU-93,343,316,0.9213,3e-06,2.5773,7e-06,1.4783,0.203767,0.8824,0.4129,
NKI RFS,SOTIRIOU-GGI,90,90,1.0,0.0,2.8468,1e-06,1.779,0.097542,0.985,0.5506,
NKI RFS,TAUBE,242,208,0.8595,0.035513,0.6566,0.036864,0.9454,0.796312,-0.3686,0.1336,
NKI RFS,TAVAZOIE,6,5,0.8333,0.082655,0.7068,0.084212,0.7474,0.148812,-0.0663,0.8392,
NKI RFS,VALASTYAN,6,6,1.0,0.115842,1.3714,0.11736,1.4013,0.094951,-0.0433,1.0683,
NKI RFS,VANTVEER,60,55,0.9167,0.0,3.2985,0.0,2.4903,0.003654,0.9132,0.7645,
NKI RFS,WANG-76,68,59,0.8676,0.003782,1.788,0.004288,0.8025,0.431083,0.7681,0.3785,
NKI RFS,WANG-ALK5T204D,239,189,0.7908,0.259842,0.7987,0.260879,0.8967,0.587768,0.0223,0.485,
NKI RFS,WELM,3,3,1.0,0.098223,1.3906,0.099761,1.1407,0.522296,0.2568,0.3993,
NKI RFS,WEST,468,400,0.8547,0.160704,0.756,0.162199,1.2177,0.38534,-0.4631,0.7042,
NKI RFS,WHITFIELD,587,523,0.891,5.8e-05,2.2512,9e-05,0.949,0.879512,0.9789,0.0645,
NKI RFS,WONG-ESC,335,307,0.9164,0.000134,2.1544,0.000194,0.8774,0.697829,0.9579,0.1704,
NKI RFS,WONG-MITOCHON,217,212,0.977,0.053363,1.4713,0.054781,0.885,0.594367,0.5416,0.3164,
NKI RFS,WONG-PROTEAS,46,44,0.9565,1e-06,2.6836,3e-06,1.6369,0.101468,0.8184,0.4992,
NKI RFS,YU,14,14,1.0,0.080832,1.4174,0.082314,1.2264,0.315379,0.2205,0.585,
