pc,var_ratio,factor,kind,r2,r2_chance,excess,p,n_groups,weighted
PC1,0.29316847175820326,SMRIN,技術,0.03554825704260689,0.004952669905668225,0.030595587136938666,0.004975124378109453,5,0.014678239306231262
PC1,0.29316847175820326,SMTSISCH,技術,0.640466994073201,0.004787872270882092,0.6356791218023189,0.004975124378109453,5,0.3049671911843877
PC1,0.29316847175820326,SMGEBTCH,技術,0.2096787647679943,0.18242276750118042,0.02725599726681388,0.06467661691542288,138,0.013076070369941252
PC1,0.29316847175820326,SMNABTCH,技術,0.46781154712406015,0.4423688146517404,0.025442732472319762,0.12437810945273632,335,0.012206156206829296
PC1,0.29316847175820326,SMCENTER,技術,0.19621164705493388,0.0026624212679691533,0.19354922578696473,0.004975124378109453,3,0.09285528141432217
PC1,0.29316847175820326,AGE,生物学,0.11320405565924196,0.007335567612619598,0.10586848804662237,0.004975124378109453,6,0.05079042920738973
PC1,0.29316847175820326,SEX,生物学,0.009633382307399962,0.001337924286670543,0.00829545802072942,0.014925373134328358,2,0.003979747714534146
PC1,0.29316847175820326,DTHHRDY,生物学,0.6229649193970415,0.006717684870189673,0.6162472345268518,0.004975124378109453,6,0.29564473921363743
PC1,0.29316847175820326,組成:Neutrophils,血球組成,0.7870970587366413,0.005301382626878816,0.7817956761097624,0.004975124378109453,5,0.3750666385696354
PC1,0.29316847175820326,組成:T Cells Naive,血球組成,0.13887214811916704,0.0053881018791428195,0.13348404624002422,0.004975124378109453,5,0.06403899900680773
PC1,0.29316847175820326,組成:B Cells,血球組成,0.022192144276921066,0.004755989708123865,0.017436154568797203,0.004975124378109453,5,0.008364998788738753
PC1,0.29316847175820326,組成:NK Cells,血球組成,0.5321847427765785,0.0050476852850948875,0.5271370574914835,0.004975124378109453,5,0.25289411320696675
PC1,0.29316847175820326,組成:Monocytes,血球組成,0.6112586653073651,0.00567829982884777,0.6055803654785172,0.004975124378109453,5,0.2905273065643174
PC1,0.29316847175820326,組成:Platelets,血球組成,0.676623548536767,0.0052075671471922096,0.6714159813895748,0.004975124378109453,5,0.32211195702029555
PC2,0.13689517059310888,SMRIN,技術,0.22242284881850738,0.005592481843648341,0.21683036697485905,0.004975124378109453,5,0.048574254185689794
PC2,0.13689517059310888,SMTSISCH,技術,0.020827165955904725,0.005340323828386557,0.015486842127518167,0.004975124378109453,5,0.003469356329240264
PC2,0.13689517059310888,SMGEBTCH,技術,0.3516053832589181,0.1813526899936829,0.1702526932652352,0.004975124378109453,138,0.0381399418994789
PC2,0.13689517059310888,SMNABTCH,技術,0.5009571845515188,0.4454464209277483,0.055510763623770554,0.01990049751243781,335,0.012435499602393856
PC2,0.13689517059310888,SMCENTER,技術,0.011206076227449846,0.0027791629664565298,0.008426913260993317,0.014925373134328358,3,0.0018877938198929045
PC2,0.13689517059310888,AGE,生物学,0.0017188960694309863,0.006420435070442643,-0.004701539001011657,0.9353233830845771,6,-0.0010532369321016447
PC2,0.13689517059310888,SEX,生物学,0.008819257056494445,0.0014691355998947492,0.007350121456599696,0.029850746268656716,2,0.0016465713401202817
PC2,0.13689517059310888,DTHHRDY,生物学,0.012006798083112447,0.006726758939056792,0.005280039144055655,0.09950248756218906,6,0.0011828323083707592
PC2,0.13689517059310888,組成:Neutrophils,血球組成,0.05626592223647919,0.005235133720469638,0.051030788516009555,0.004975124378109453,5,0.011431897327186817
PC2,0.13689517059310888,組成:T Cells Naive,血球組成,0.07573420480880244,0.0049676038917669,0.07076660091703554,0.004975124378109453,5,0.01585310631882072
PC2,0.13689517059310888,組成:B Cells,血球組成,0.09231909500607627,0.0056273632166599285,0.08669173178941635,0.004975124378109453,5,0.019420647921630865
PC2,0.13689517059310888,組成:NK Cells,血球組成,0.007285097444388988,0.0057196553603106985,0.0015654420840782897,0.29850746268656714,5,0.0003506897247183624
PC2,0.13689517059310888,組成:Monocytes,血球組成,0.06743586460811979,0.004859344847524632,0.06257651976059515,0.004975124378109453,5,0.014018367534559512
PC2,0.13689517059310888,組成:Platelets,血球組成,0.080317056947387,0.005411048284284819,0.07490600866310218,0.004975124378109453,5,0.01678041482657677
PC3,0.08286980358276266,SMRIN,技術,0.043091059356774264,0.0053739645205928555,0.03771709483618141,0.004975124378109453,5,0.0051148447035257675
PC3,0.08286980358276266,SMTSISCH,技術,0.14683266973825193,0.005550813637161743,0.14128185610109018,0.004975124378109453,5,0.019159342905958353
PC3,0.08286980358276266,SMGEBTCH,技術,0.21327713141528126,0.18151757793810577,0.03175955347717549,0.08955223880597014,138,0.004306937864504965
PC3,0.08286980358276266,SMNABTCH,技術,0.4651867962960241,0.44441475865721886,0.020772037638805252,0.21393034825870647,335,0.002816912255828386
PC3,0.08286980358276266,SMCENTER,技術,0.026186404520557427,0.002787512991828912,0.023398891528728514,0.004975124378109453,3,0.003173141964510009
PC3,0.08286980358276266,AGE,生物学,0.05273488677997906,0.006568628522940077,0.04616625825703899,0.004975124378109453,6,0.0062606423573509104
PC3,0.08286980358276266,SEX,生物学,0.00029801396366369026,0.0014109817417883557,-0.0011129677781246655,0.6368159203980099,2,-0.00015093043008378555
PC3,0.08286980358276266,DTHHRDY,生物学,0.1724097016594417,0.006682309787817695,0.165727391871624,0.004975124378109453,6,0.02247442111396552
PC3,0.08286980358276266,組成:Neutrophils,血球組成,0.03962631661750404,0.0050992113771450185,0.03452710524035903,0.004975124378109453,5,0.00468224772172317
PC3,0.08286980358276266,組成:T Cells Naive,血球組成,0.13040424129004868,0.005660795811841486,0.1247434454782072,0.004975124378109453,5,0.01691655611798867
PC3,0.08286980358276266,組成:B Cells,血球組成,0.08929769704522261,0.005323948145939982,0.08397374889928264,0.004975124378109453,5,0.011387745706773627
PC3,0.08286980358276266,組成:NK Cells,血球組成,0.024282648648076388,0.005148092367925331,0.01913455628015106,0.009950248756218905,5,0.0025948521292249943
PC3,0.08286980358276266,組成:Monocytes,血球組成,0.011699032003875454,0.005246989914024454,0.006452042089851,0.08955223880597014,5,0.0008749664695421396
PC3,0.08286980358276266,組成:Platelets,血球組成,0.03048306293137304,0.005242485379894104,0.025240577551478936,0.004975124378109453,5,0.0034228944451805523
PC4,0.06558896205029993,SMRIN,技術,0.029913455287493118,0.005316281945783954,0.024597173341709164,0.004975124378109453,5,0.0026400604366312542
PC4,0.06558896205029993,SMTSISCH,技術,0.006020017622491158,0.005028893517662636,0.000991124104828522,0.34328358208955223,5,0.00010637919652793444
PC4,0.06558896205029993,SMGEBTCH,技術,0.2409902038035735,0.18309740480661618,0.05789279899695732,0.024875621890547265,138,0.006213741964347692
PC4,0.06558896205029993,SMNABTCH,技術,0.4623967313730135,0.44547199135755206,0.01692474001546146,0.3034825870646766,335,0.0018165638748141148
PC4,0.06558896205029993,SMCENTER,技術,0.013314582368440075,0.0027789659164856066,0.010535616451954468,0.014925373134328358,3,0.001130807340498809
PC4,0.06558896205029993,AGE,生物学,0.006919437948486595,0.006477673057691221,0.00044176489079537397,0.3582089552238806,6,4.741544868913595e-05
PC4,0.06558896205029993,SEX,生物学,7.118002674166846e-05,0.0011282298676617258,-0.0010570498409200573,0.7611940298507462,2,-0.00011345512859513358
PC4,0.06558896205029993,DTHHRDY,生物学,0.06170886239574824,0.006585574322919079,0.055123288072829166,0.004975124378109453,6,0.005916485197562605
PC4,0.06558896205029993,組成:Neutrophils,血球組成,0.03511620818622441,0.0055691279388617905,0.029547080247362616,0.004975124378109453,5,0.003171343165954634
PC4,0.06558896205029993,組成:T Cells Naive,血球組成,0.235652908709574,0.005901927325956107,0.2297509813836179,0.004975124378109453,5,0.024659600833058414
PC4,0.06558896205029993,組成:B Cells,血球組成,0.2237174461295457,0.00527699282344011,0.2184404533061056,0.004975124378109453,5,0.023445620784212185
PC4,0.06558896205029993,組成:NK Cells,血球組成,0.12253056886737645,0.005702393742496095,0.11682817512488036,0.004975124378109453,5,0.012539385674370032
PC4,0.06558896205029993,組成:Monocytes,血球組成,0.02617816132020845,0.005220161536467299,0.02095799978374115,0.004975124378109453,5,0.0022494611592689903
PC4,0.06558896205029993,組成:Platelets,血球組成,0.04051014055461799,0.005081937639782383,0.03542820291483561,0.004975124378109453,5,0.0038025750177480494
PC5,0.03256324993056438,SMRIN,技術,0.02089349806819185,0.005279734685151358,0.015613763383040494,0.009950248756218905,5,0.0008320190022679509
PC5,0.03256324993056438,SMTSISCH,技術,0.02678821311103785,0.004791132824961456,0.021997080286076394,0.004975124378109453,5,0.0011721702413083012
PC5,0.03256324993056438,SMGEBTCH,技術,0.2289535627256981,0.18084175119578333,0.04811181152991478,0.024875621890547265,138,0.0025637599625663275
PC5,0.03256324993056438,SMNABTCH,技術,0.44628279089987855,0.44359836185722373,0.0026844290426548123,0.472636815920398,335,0.0001430466133587478
PC5,0.03256324993056438,SMCENTER,技術,0.009387087298733943,0.0024827641647799793,0.006904323133953963,0.01990049751243781,3,0.0003679143781240822
PC5,0.03256324993056438,AGE,生物学,0.013897120754545411,0.006834635252490911,0.0070624855020545,0.04477611940298507,6,0.00037634246125017087
PC5,0.03256324993056438,SEX,生物学,0.0035281021548926317,0.0012950548218239745,0.002233047333068657,0.0945273631840796,2,0.0001189935935685413
PC5,0.03256324993056438,DTHHRDY,生物学,0.018262941164300828,0.0066991744337277035,0.011563766730573124,0.014925373134328358,6,0.0006162046536507209
PC5,0.03256324993056438,組成:Neutrophils,血球組成,0.04053498814892187,0.005521343044403244,0.035013645104518626,0.004975124378109453,5,0.0018657909275907564
PC5,0.03256324993056438,組成:T Cells Naive,血球組成,0.01918157480983851,0.005598804966027113,0.013582769843811396,0.009950248756218905,5,0.0007237923578218388
PC5,0.03256324993056438,組成:B Cells,血球組成,0.023099267249765743,0.0054158233815868,0.017683443868178942,0.009950248756218905,5,0.0009423071787961524
PC5,0.03256324993056438,組成:NK Cells,血球組成,0.03143191995805261,0.005670081376432656,0.025761838581619956,0.004975124378109453,5,0.0013727849402757823
PC5,0.03256324993056438,組成:Monocytes,血球組成,0.05272073584141035,0.005324545837377833,0.047396190004032515,0.004975124378109453,5,0.002525626253648159
PC5,0.03256324993056438,組成:Platelets,血球組成,0.035894439607615625,0.0052611495403781594,0.030633290067237466,0.004975124378109453,5,0.0016323725941442076
