set,family,n_genes,internal_consistency,agreement_mean_4,agreement_min_4,agreement_mean_5,agreement_min_5,agreement_mean_ssgsea,agreement_min_ssgsea,bin
pathway|Protein Lipoylation,pathway,9,0.0019447149193984,0.4220294490563364,-0.05513766159524616,0.5278022864622647,-0.05513766159524616,0.6864615425711568,0.3606709025144227,<0.02
pathway|TNF Receptor Superfamily (TNFSF) Members Mediating Non-Canonical NF-kB Pathway,pathway,13,-0.0109308291513744,0.30610597208698476,0.10133885102239533,0.4232351509250244,0.10133885102239533,0.5989289191820838,0.33556475170399225,<0.02
pathway|InlA-mediated Entry of Listeria Monocytogenes Into Host Cells,pathway,8,-0.0757181110029211,0.36212650576602073,0.08069620253164558,0.4706867091689012,0.08069620253164558,0.633527014273222,0.31711295034079845,<0.02
complex|RBP-Jkappa-RING1-KyoT2 complex (human),complex,3,-0.1228172671210644,0.499741786692728,0.04427945472249271,0.44552611493367095,-0.09724926971762415,0.36420260729508536,-0.09724926971762415,<0.02
"complex|SNARE complex (Vti1b, Stx6, Stx7) (mouse)",complex,3,-0.1936465433300876,0.5502771733776717,0.27156767283349564,0.6364688246541158,0.27156767283349564,0.7657563015687824,0.5611489776046739,<0.02
pathway|TRAF6-mediated Induction of TAK1 Complex Within TLR4 Complex,pathway,16,-0.0188234339500162,0.6022387354262161,0.36496305946057134,0.6552524207726489,0.36496305946057134,0.7347729487922979,0.6047468354430381,<0.02
complex|snRNP-free U1A (SF-A) complex (human),complex,4,0.0198717948717948,0.1491656521220123,-0.7589337877312561,0.053575883127140324,-0.7589337877312561,-0.08980877036516771,-0.6947419668938657,<0.02
regulon|TP73 human,regulon,12,0.0120717889705231,0.28887536514118795,-0.4624391431353457,0.4194328140214217,-0.4624391431353457,0.615268987341772,0.0441333982473223,<0.02
"complex|Multicomponent signaling complex, anti-CD40 stimulated,(Birc2, Birc3, Cd40, Ikbkg, Map3k1, Traf2, Ube2n) (mouse)",complex,5,-0.0014703018500486,0.3715722535640469,-0.13927871567141295,0.48986616664481736,-0.13927871567141295,0.667307036265973,-0.03422590068159689,<0.02
complex|P-TEFb-SKP2 complex (human),complex,3,-0.1075624797143783,0.757372863515453,0.5936952288218111,0.7710975676612459,0.5570593962999026,0.7916846238799353,0.5570593962999026,<0.02
"complex|Ubiquitin E3 ligase (AHR, ARNT, DDB1, TBL3, CUL4B, RBX1) (human)",complex,6,-0.0659444985394352,0.5091812723141836,0.18585686465433301,0.586124634858812,0.18585686465433301,0.7015396786757546,0.2687439143135346,<0.02
complex|PGAM5-KEAP1-NRF2 complex (human),complex,3,-0.1469490425186627,0.2983697888532541,-0.5468697701088544,0.4464957268916153,-0.5468697701088544,0.6686846339491572,0.3601696720963969,<0.02
pathway|Caspase Activation via Extrinsic Apoptotic Signalling Pathway,pathway,23,0.0067591049566833,0.3367517167915766,-0.2277521163145651,0.4441009628978649,-0.2277521163145651,0.6051248320572973,0.35090068159688415,<0.02
pathway|DNA Damage Reversal,pathway,8,-0.0651238002503825,0.15895407335280753,-0.49264849074975664,0.24058909444985394,-0.6237098344693283,0.36304162609542356,-0.6237098344693283,<0.02
pathway|Senescence-Associated Secretory Phenotype (SASP),pathway,50,0.004164318502474,0.034146813880183424,-0.8218526159634661,0.1991751705924004,-0.8218526159634661,0.44671770566072583,-0.38215676728334963,<0.02
complex|SMAD3-SMAD4-FOXO4 complex (human),complex,3,0.0179730606945797,0.7105728659526127,0.3815968841285297,0.7640628042843233,0.3815968841285297,0.844297711781889,0.7684761441090555,<0.02
complex|BLOC-2 (biogenesis of lysosome-related organelles complex 2) (human),complex,3,0.0136319376825705,0.823333220397913,0.6676971762414801,0.8591974581662882,0.6676971762414801,0.9129938148188503,0.8301119766309639,<0.02
complex|LIG1-9-1-1 complex (human),complex,4,-0.0771259331385913,0.4317313253846111,-0.09671372930866602,0.4874994312216187,-0.09671372930866602,0.57115158997713,-0.045034079844206425,<0.02
regulon|FOXO3 human,regulon,14,-0.0306068566292519,0.4228213242453749,-0.008787731256085687,0.5004284323271666,-0.008787731256085687,0.616839094449854,0.3571567672833496,<0.02
"complex|Grb2-Lab-Blnk complex, BCR stimulated (mouse)",complex,3,-0.0315238558909444,0.5817991272217489,0.330379746835443,0.6405654309292015,0.330379746835443,0.7287148864903803,0.43629503407984427,<0.02
complex|RAF1-PPP2-PIN1 complex (human),complex,5,-0.051755111976631,0.35959349529142165,-0.1968244694806986,0.4157423176208905,-0.20533106134371956,0.4999655511150939,-0.20533106134371956,<0.02
"complex|Ubiquitin E3 ligase (SKP1A, BTRC, CUL1) (human)",complex,3,-0.1939954560207724,0.5057533013918688,0.21012658227848102,0.5994063540082933,0.21012658227848102,0.7398859329329299,0.41019961051606624,<0.02
complex|SUMO1-SUA1-UBA2 complex (human),complex,3,-0.0531483284647841,0.5762736663918032,0.30899652505760283,0.6463373148344898,0.30899652505760283,0.7514327874985196,0.33456669912366116,<0.02
pathway|Downregulation of ERBB2 Signaling,pathway,19,0.0004159620082338,0.5040024241435965,0.2983866551128102,0.5875084260177312,0.2983866551128102,0.7127674288289331,0.5624634858812074,<0.02
complex|ELMO1-DOCK1-RAC1 complex (human),complex,3,-0.2036189548847775,0.8028545885636088,0.6524829600778969,0.8446916115377896,0.6524829600778969,0.9074471459990606,0.8517526777020448,<0.02
pathway|Signaling by FGFR2 in Disease,pathway,26,-0.0024937457868324,0.06749709735694219,-0.549634858812074,0.1578603031976475,-0.6176484907497566,0.29340511195870544,-0.6176484907497566,<0.02
pathway|Aberrant Regulation of Mitotic Exit in Cancer Due to RB1 Defects,pathway,20,-0.0080372059652539,0.6904782004269152,0.3778481012658228,0.7511594294258646,0.3778481012658228,0.8421812729242888,0.6320350535540409,<0.02
complex|5S-DNA-TFIIIA-TFIIIC2 subcomplex (human),complex,6,-0.0634063615709185,0.4453779871984945,0.01925522915827501,0.4981302395287024,0.015457643622200585,0.5772586180240142,0.015457643622200585,<0.02
pathway|MET Receptor Activation,pathway,4,0.0166463810451152,0.5552982915500478,0.12780019352837396,0.6167262582004225,0.12780019352837396,0.7088682081759847,0.222444011684518,<0.02
complex|Epo-R-PLC-gamma-TRPC2 complex (mouse),complex,3,-0.1744076598506978,0.2350170399221032,-0.46424050632911396,0.3677677702044791,-0.46424050632911396,0.5668938656280429,0.029990262901655306,<0.02
complex|CEBPE-E2F1-RB1 complex (human),complex,3,-0.0776046738072054,0.7199651087309316,0.4017283349561831,0.5802921129503408,0.035783836416747816,0.3707826192794547,0.035783836416747816,<0.02
pathway|Beta-oxidation of Very Long Chain Fatty Acids,pathway,9,0.0036399166937141,0.7908700322951413,0.6304361056468151,0.8288329266140101,0.6304361056468151,0.8857772680923134,0.8338120740019475,<0.02
pathway|Aberrant Regulation of Mitotic Cell Cycle Due to RB1 Defects,pathway,35,0.0157664078289543,0.08628318756129405,-0.5821968244802582,0.19296307751725159,-0.661222005842259,0.35298291245118785,-0.661222005842259,<0.02
complex|Class C VPS/HOPS complex (human),complex,6,-0.0367591691009411,0.6546795895271614,0.3294952470454269,0.7201741139071232,0.3294952470454269,0.8184159004770659,0.6764849074975657,<0.02
complex|ITGA5-ITGB1-ADAM15 complex (human),complex,3,-0.0962917883803959,0.3775754826493513,-0.30709964826578867,0.36745964672078635,-0.30709964826578867,0.3522858928279388,-0.27538948393378776,<0.02
complex|CBF1-HDAC1-SMRT complex (human),complex,3,-0.166755923401493,0.3185777216321137,-0.3271359628581277,0.38395020121385903,-0.3271359628581277,0.48200892058647704,-0.290603700097371,<0.02
complex|Tumor necrosis factor receptor 1 signaling complex (human),complex,4,-0.1198433950016228,0.8057127468032951,0.6974239132548408,0.8459123810062996,0.6974239132548408,0.9062118323108068,0.8253894839337879,<0.02
regulon|NR3C1 mouse,regulon,12,0.0042389572452863,0.5461741317753976,0.11655306718597859,0.6046689386562806,0.11655306718597859,0.6924111489776048,0.19216163583252194,<0.02
pathway|Glycogen Metabolism,pathway,19,0.0127819345507553,0.17065189342337647,-0.5646402990284833,0.3053857886779885,-0.5646402990284833,0.5074866315599064,0.1623904576436222,<0.02
regulon|MTF1 mouse,regulon,4,-0.0555866601752677,0.7404116939236447,0.5175420980019038,0.7962029002488245,0.5175420980019038,0.8798897097365939,0.6497565725413827,<0.02
pathway|Nef Mediated Downregulation of MHC Class I Complex Cell Surface Expression,pathway,8,-0.0004920712199192,0.08206147447829538,-0.8390944498539435,0.25251827018504547,-0.8390944498539435,0.5082034637451707,0.08554040895813048,<0.02
regulon|FLI1 mouse,regulon,8,-0.0214085756016135,0.25912852969814987,-0.5591041869522883,0.40425998052580336,-0.5591041869522883,0.6219571567672834,0.08529698149951315,<0.02
pathway|InlB-mediated Entry of Listeria Monocytogenes Into Host Cell,pathway,13,-0.0199610516066212,0.483557668771957,0.21957691284287878,0.5485323433572737,0.21957691284287878,0.6459943552352488,0.2924486965008785,<0.02
regulon|IRF4 mouse,regulon,7,-0.0339233551258867,0.6279819863680624,0.37482960077896793,0.6769888023369036,0.37482960077896793,0.7504990262901655,0.6970788704965921,<0.02
complex|P53-BARD1-Ku70 complex (human),complex,3,-0.0843881856540084,0.6369425326487197,0.29878286270691334,0.652628517079272,0.18378773125608572,0.6761574937251008,0.18378773125608572,<0.02
complex|Apoptosome-procaspase 9 complex (human),complex,3,-0.0466244725738397,0.7303594612138916,0.47132424537487827,0.7507108081791627,0.451095423563778,0.7812378286270691,0.451095423563778,<0.02
complex|Wave-2 complex (Rac-activated) (mouse),complex,4,0.0146137617656604,0.904958607543442,0.8372930866601753,0.5844880778921292,-0.04238072054527751,0.10378228341515985,-0.04238072054527751,<0.02
regulon|MAZ human,regulon,5,-0.0249829600778967,0.045208881243085496,-0.726197213969229,0.006033491456686735,-0.726197213969229,-0.05272959322291146,-0.7186465433300876,<0.02
complex|HSP90-CDC37-LRRK2 complex (human),complex,3,-0.1741074326517363,0.027214380372055647,-0.8618064311922989,0.19303791425983513,-0.8618064311922989,0.44177321509150425,-0.47158776280827686,<0.02
pathway|PTK6 Expression,pathway,4,-0.162796170074651,0.31933007008709474,-0.3252717292320929,0.35278751408436965,-0.3252717292320929,0.4029736800802821,0.23658714703018502,<0.02
"complex|SNARE complex (STX4, SNAP23, VAMP2) (human)",complex,3,-0.2931759169100941,0.11797711781888998,-0.8984907497565726,0.2933349561830575,-0.8984907497565726,0.5563717137293087,0.12787244401168452,<0.02
regulon|MYCN human,regulon,35,0.0188916891001775,0.37246366054136143,-0.026107753820796397,0.4761624733375836,-0.026107753820796397,0.6317106925319167,0.17353943524829601,<0.02
complex|SMRT complex (human),complex,5,-0.081433787731256,0.07879264885809668,-0.8518187184841192,0.2559733454010378,-0.8518187184841192,0.5217443902154495,0.15280034567192446,<0.02
complex|PML-SMAD2/3-SARA complex (human),complex,3,-0.1889159363842907,0.20466578517626766,-0.6884292139198438,0.3595585050712794,-0.6884292139198438,0.591897584913797,0.07100778967867577,<0.02
pathway|Signaling by NOTCH,pathway,145,0.0159164950549717,0.3590912715431902,0.07130250622473393,0.4699452896449728,0.07130250622473393,0.6362263167976466,0.4722421707933129,<0.02
pathway|Advanced Glycosylation Endproduct Receptor Signaling,pathway,11,0.00227095689121,0.3394905608272613,-0.07495177064264065,0.41111240312097685,-0.07495177064264065,0.5185451665615501,0.2990262901655307,<0.02
"complex|SNARE complex (STX11, VAMP2, SNAP23) (human)",complex,3,-0.0442794547224926,0.7279941577409933,0.5910905550146057,0.7892380720545279,0.5910905550146057,0.8811039435248297,0.8128773125608569,<0.02
"complex|p27-cyclinE-Cdk2 - Ubiquitin E3 ligase (SKP1A, SKP2, CUL1, CKS1B, RBX1) complex (human)",complex,8,-0.0138857977465572,0.5032681026601117,0.07266309639727361,0.604822918799411,0.07266309639727361,0.75715514300836,0.5105647517039923,<0.02
complex|Kif13a-AP1 complex (mouse),complex,5,-0.0616796494644596,0.3834699732174367,0.1211781888997079,0.49300734570546806,0.1211781888997079,0.6573134044375151,0.3181533256371098,<0.02
"complex|TRBP containing complex (DICER, TRBP, AGO2, RPL7A, EIF6, MOV10) (human)",complex,4,-0.0847249269717624,0.6514402791301525,0.24780915287244398,0.7234761441090557,0.24780915287244398,0.83152994157741,0.5607351509250245,<0.02
pathway|Translation of Replicase and Assembly of the Replication Transcription Complex 9694676,pathway,13,-0.0029223778493496,0.17097087071808323,-0.6570023614984983,0.30273574395171493,-0.6570023614984983,0.5003830538021625,-0.40494157740993186,<0.02
"pathway|Tristetraprolin (TTP, ZFP36) Binds and Destabilizes mRNA",pathway,16,0.0162412771827328,0.6757955891986246,0.37748296007789683,0.7294847554406794,0.37748296007789683,0.8100185048037616,0.7402872444011684,<0.02
regulon|PRDM1 mouse,regulon,7,-0.0252469049937404,0.34401140784483647,0.02300389483933788,0.40507809154561303,0.02300389483933788,0.49667811709677784,0.16679649464459592,<0.02
pathway|Synthesis of PG,pathway,7,-0.0505135160198451,0.2163141895832187,-0.5026138501418881,0.33013135346866507,-0.5026138501418881,0.5008570992968346,0.08863193768257059,<0.02
pathway|mTORC1-mediated Signalling,pathway,24,0.0038937809576224,0.03403971475244222,-0.6983690360272639,0.15473898527656046,-0.7473953261927947,0.3357878910627379,-0.7473953261927947,<0.02
pathway|Glycogen Breakdown (Glycogenolysis),pathway,10,-0.0052077247646868,0.17036037526866935,-0.3380518263617778,0.28309016470927806,-0.3380518263617778,0.45218484887019117,-0.3294060370009737,<0.02
"complex|Ubiquitin E3 ligase (Fbxo32, Skp1a, Cul1, Rbx1) (mouse)",complex,3,-0.1768662771827328,0.18254886732943834,-0.5667390867868264,0.26482806730678976,-0.5667390867868264,0.3882468672728169,-0.5476144109055502,<0.02
complex|GPI-GnT activity complex (human),complex,4,-0.0497119441739694,0.7893181009410525,0.5898247322297955,0.8224570860857157,0.5898247322297955,0.8721655638027106,0.7768500486854918,<0.02
complex|SMN-PolII-RHA complex (human),complex,9,-0.0151533592989289,0.20302661473547548,-0.46979065238558915,0.3503407984420643,-0.46979065238558915,0.5713120740019474,0.14846640701071082,<0.02
pathway|Cross-presentation of Particulate Exogenous Antigens (Phagosomes),pathway,8,-0.0430910070941716,0.39087388209398943,0.12139727361246348,0.46708985643185097,0.12139727361246348,0.5814138179386432,0.1473466407010711,<0.02
pathway|Synthesis of PI,pathway,4,-0.0352442388834793,0.5301444336254463,0.24388997078870497,0.44193281402142154,-0.29812560856864656,0.3096153846153846,-0.29812560856864656,<0.02
"complex|Ksr1-PP2A core enzyme complex (Ppp2r1a, Ppp2ca), untreated (mouse)",complex,3,-0.2125446283674131,0.6155913794237013,0.3911387019598601,0.2947233833088668,-0.5204235637779943,-0.186578610863385,-0.5204235637779943,<0.02
pathway|TNFR1-mediated Ceramide Production,pathway,5,-0.011083252190847,0.29742205312294095,-0.43183339625151274,0.3892145423285562,-0.43183339625151274,0.5269032761369792,0.07672833495618306,<0.02
"complex|SNARE complex (STX4, SNAP23, VAMP1) (human)",complex,3,-0.2721843557286595,0.6540449529373581,0.4101265822784811,0.7145155793573515,0.4101265822784811,0.805221518987342,0.6494401168451802,<0.02
pathway|LDL Clearance,pathway,15,0.0065122641072008,0.5581314170410835,0.23196202531645568,0.6341651125130452,0.23196202531645568,0.7482156557209878,0.5231012658227848,<0.02
complex|CAND1-CUL3-RBX1 complex (human),complex,3,-0.1675592340149302,0.45554566091650067,-0.20966407010710808,0.4687904779240835,-0.20966407010710808,0.48865770343545767,-0.17444011684518013,<0.02
pathway|Acyl Chain Remodeling of CL,pathway,5,-0.0573612463485881,0.59627564820228,0.32896786757546254,0.6781609062390206,0.32896786757546254,0.8009887932941314,0.5395326192794547,<0.02
pathway|Synthesis of Substrates in N-glycan Biosythesis,pathway,51,0.0397430169730988,0.6000080967921989,0.19700584225900683,0.6839214308733484,0.19700584225900683,0.8097914319950728,0.6793816942551121,0.02-0.10
complex|RNA polymerase II holoenzyme complex (human),complex,24,0.0619438211760721,0.7290131035596906,0.45163096397273617,0.7843003716887538,0.45163096397273617,0.8672312738823483,0.7889727361246349,0.02-0.10
celltype|Myeloid-derived Suppressor Cells,celltype,103,0.0513737409012441,0.500045914229183,0.15031645569620253,0.549785018067382,-0.039240506329113925,0.6243936738246807,-0.039240506329113925,0.02-0.10
pathway|Metabolism of Porphyrins,pathway,19,0.0692932631806716,0.6555948177069263,0.38169425511197663,0.7171638379564488,0.38169425511197663,0.8095173683307326,0.7286270691333984,0.02-0.10
pathway|The Role of Nef in HIV-1 Replication and Disease Pathogenesis,pathway,23,0.0484063679853443,0.3819482719768892,0.15172833495618307,0.4762788246957803,0.15172833495618307,0.6177746537741169,0.46221351285693496,0.02-0.10
pathway|RHO GTPases Activate IQGAPs,pathway,20,0.0998949418336494,0.38610513106027805,-0.02037487828627069,0.4768938161920485,-0.02037487828627069,0.6130768438897044,0.0563777994157741,0.02-0.10
complex|CAS-SRC-FAK complex (human),complex,3,0.0923482635507952,0.7487952497091307,0.6043573515092502,0.6829521372034154,0.4545520934761441,0.5841874684448425,0.4545520934761441,0.02-0.10
pathway|Signaling by Non-Receptor Tyrosine Kinases,pathway,40,0.0424908870746261,0.795431846077092,0.6273650643072864,0.8183233651814771,0.6273650643072864,0.8526606438380548,0.7719328140214217,0.02-0.10
regulon|TRP53 mouse,regulon,117,0.0612685892342072,0.5019298789034438,0.06192907612539174,0.5960140356150764,0.06192907612539174,0.7371402706825254,0.5190333319998192,0.02-0.10
pathway|Regulation of NF-kappa B Signaling,pathway,17,0.0201418322928002,0.33929199981811387,-0.2062963662046511,0.46793289344047173,-0.2062963662046511,0.6608942338740085,0.18734519255543036,0.02-0.10
"complex|Gamma-secretase complex (APH1A, PSEN2, PSENEN, NCSTN) (human)",complex,4,0.0617291463810452,0.6772233041220383,0.3731256085686465,0.7315408958130478,0.3731256085686465,0.8130172833495618,0.43707400194741963,0.02-0.10
pathway|Vitamin B5 (Pantothenate) Metabolism,pathway,14,0.0409102581936077,0.5839662447257384,0.36295034079844213,0.6423515092502434,0.36295034079844213,0.7299294060370011,0.4296251217137293,0.02-0.10
complex|p19-Cdk4-cyclinD2 complex (mouse),complex,3,0.0733446932814021,0.6514867935869116,0.19106737504842042,0.4927616981572586,-0.1748184932998129,0.25467405501277907,-0.1748184932998129,0.02-0.10
pathway|Cell-extracellular Matrix Interactions,pathway,15,0.093722817267121,0.3997531287318718,-0.1461425641614463,0.4582697046660211,-0.1461425641614463,0.546044568567245,0.17402734924463722,0.02-0.10
pathway|Ca2+ Pathway,pathway,39,0.0768199569780567,0.8820147679324895,0.8288704965920157,0.9040165530671862,0.8288704965920157,0.937019230769231,0.8867332035053556,0.02-0.10
celltype|Transient Cells,celltype,73,0.0867114080407387,0.6947408049218494,0.43544146657172883,0.7362412051508389,0.43544146657172883,0.7984918054943234,0.6734706299617143,0.02-0.10
pathway|Factors Involved in Megakaryocyte Development and Platelet Production,pathway,96,0.0895465469601462,0.8211724944298154,0.771080817916261,0.8434805752714455,0.771080817916261,0.8769426965338906,0.8478821811100293,0.02-0.10
regulon|ING1 human,regulon,5,0.0851679649464459,0.4598044057556467,0.14905335421217517,0.5612321709243736,0.14905335421217517,0.7133738186774641,0.1914070107108082,0.02-0.10
celltype|Alveolar Macrophages,celltype,116,0.0519122996924128,0.585595181512821,0.2940360272638754,0.6572570852407041,0.2940360272638754,0.7647499408325288,0.33860759493670883,0.02-0.10
pathway|RMTs Methylate Histone Arginines,pathway,30,0.0730328822930307,0.584339500162285,0.3715920155793574,0.6451825705939631,0.33052580331061343,0.73644717624148,0.33052580331061343,0.02-0.10
pathway|Transcription-Coupled Nucleotide Excision Repair (TC-NER),pathway,75,0.0511570918532943,0.7477855570491011,0.47733690360272635,0.798167300467127,0.47733690360272635,0.8737399155941654,0.7290895813047712,0.02-0.10
pathway|Dual Incision in TC-NER,pathway,62,0.0430483245342438,0.7531280428432326,0.5159444985394352,0.8034298928919184,0.5159444985394352,0.8788826679649465,0.7422590068159688,0.02-0.10
complex|Scrib-beta-PIX-GIT1 complex (human),complex,3,0.0481499513145082,0.5083507810270834,-0.029126449934605537,0.611261445203061,-0.029126449934605537,0.7656274414670272,0.33541869522882184,0.02-0.10
pathway|Regulation of TP53 Activity,pathway,137,0.0684251434957311,0.8302126984755648,0.745692776891141,0.8628164991142022,0.745692776891141,0.9117222000721583,0.8662122687439142,0.02-0.10
complex|Conserved oligomeric Golgi (COG) complex (human),complex,8,0.0706765544582,0.7351942551505757,0.6457926350693777,0.7251165446307961,0.5991966893865628,0.7099999788511268,0.5991966893865628,0.02-0.10
"complex|G protein complex (Hdac4, Gnb1, Gng2) (mouse)",complex,3,0.0667721518987343,0.6346011627735534,0.3800389483933788,0.6876101327422405,0.3800389483933788,0.7671235876952714,0.4393378773125609,0.02-0.10
complex|INO80 chromatin remodeling complex (human),complex,13,0.0689892142910643,0.4817051780686914,-0.012378587603171159,0.588419577424842,-0.012378587603171159,0.748491176459068,0.5701088148917738,0.02-0.10
signature|Wnt-beta Catenin Signaling,signature,28,0.0948406902520826,0.8314855434190894,0.7129425081832862,0.8518409870963634,0.7129425081832862,0.8823741526122741,0.8503164556962026,0.02-0.10
"complex|Gamma-secretase complex (APH1A, PSEN1, PSENEN, NCSTN variant) (human)",complex,4,0.033876987990912,0.5894188585922902,0.21217137293086663,0.6129216146931753,0.21217137293086663,0.648175748844503,0.29476630963972744,0.02-0.10
pathway|Regulation of Pyruvate Metabolism,pathway,30,0.0503053755498103,0.7746105160662123,0.6540165530671861,0.810942064264849,0.6540165530671861,0.8654393865628044,0.7974926971762415,0.02-0.10
pathway|Translesion Synthesis by REV1,pathway,16,0.0913390538786108,0.5370246160385908,0.2720683548514041,0.6210090096121805,0.2720683548514041,0.7469855999725656,0.4725170399221032,0.02-0.10
pathway|Ovarian Tumor Domain Proteases,pathway,34,0.0892419382553411,0.8012658227848103,0.6632667964946446,0.8338704965920156,0.6632667964946446,0.8827775073028238,0.824537487828627,0.02-0.10
regulon|STAT3 human,regulon,88,0.03004937736496,0.6023455608152045,0.2481651432163278,0.6790821043365375,0.2481651432163278,0.7941869196185369,0.5892598498470781,0.02-0.10
pathway|RHO GTPases Activate PAKs,pathway,16,0.045316658552418,0.6652791301525478,0.5557205452775074,0.6485856864654334,0.5557205452775074,0.6235455209347615,0.5779454722492697,0.02-0.10
pathway|TNFR1-induced Proapoptotic Signaling,pathway,23,0.0450956583317617,0.6091215660388638,0.31209377063216487,0.6675026643331947,0.31209377063216487,0.755074311774691,0.39836903602726387,0.02-0.10
complex|DDB2 complex (human),complex,13,0.04191852046039,0.7003395744220144,0.4416260954235638,0.7597144540169348,0.4416260954235638,0.8487767734093155,0.7619036027263876,0.02-0.10
pathway|Defective LFNG Causes SCDO3,pathway,5,0.0399001947419669,0.4786788951391341,-0.08145181903985803,0.5646943280171057,-0.08145181903985803,0.6937174773340632,0.3117491693167788,0.02-0.10
complex|NuA4/Tip60 HAT complex (human),complex,14,0.0856420599848058,0.5078139219298875,0.019571805890031636,0.6031517527283679,0.019571805890031636,0.746158498926088,0.5290838496478765,0.02-0.10
regulon|PARP1 mouse,regulon,7,0.0212767190615291,0.7351165646502503,0.6424007108644152,0.7511938452361767,0.6424007108644152,0.7753097661150661,0.7009493670886077,0.02-0.10
complex|CD98-LAT2-ITGB1 complex (human),complex,4,0.0662041544952937,0.7273410723594657,0.5324034347922033,0.7491983113375487,0.5324034347922033,0.7819841698046732,0.5551275263462484,0.02-0.10
pathway|Removal of the Flap Intermediate From the C-strand,pathway,16,0.0506891025641025,0.10036971792616356,-0.7084634156862917,0.23194461219451917,-0.7084634156862917,0.4293069535970527,-0.6864897760467381,0.02-0.10
complex|KSR1-BRAF-MEK complex (human),complex,4,0.0831913339824733,0.9209875040571244,0.85547711781889,0.8819620253164558,0.6614897760467381,0.8234238072054527,0.6614897760467381,0.02-0.10
pathway|NR1H2 and NR1H3-mediated Signaling,pathway,37,0.0914031728905146,0.7792153521583902,0.625462512171373,0.8142599805258033,0.625462512171373,0.8668269230769231,0.7576436222005842,0.02-0.10
regulon|NFIC mouse,regulon,7,0.0229042054991422,0.5521702727060901,0.30844880994248125,0.599995424512342,0.19746835443037977,0.67173315222172,0.19746835443037977,0.02-0.10
pathway|Tat-mediated Elongation of the HIV-1 Transcript,pathway,42,0.06004470470355,0.5662122687439144,0.2765335929892892,0.6511514118792601,0.2765335929892892,0.7785601265822786,0.6450584225900682,0.02-0.10
pathway|Signaling by RAF1 Mutants,pathway,32,0.0852241495743945,0.6312762127296673,0.3904039144500669,0.6731506918908354,0.3904039144500669,0.7359624106325876,0.4577493504174003,0.02-0.10
pathway|NF-kB Is Activated and Signals Survival,pathway,11,0.0214481720810834,0.1530686107425375,-0.7535342839372984,0.21144690819064998,-0.7535342839372984,0.29901435436281876,-0.6234907497565726,0.02-0.10
regulon|STAT2 human,regulon,9,0.0328119928594612,0.41896299902629014,-0.0974926971762415,0.5182351509250244,-0.0974926971762415,0.6671433787731257,0.24077409931840313,0.02-0.10
pathway|Synthesis of Pyrophosphates in the Cytosol,pathway,7,0.0628680391338619,0.895316660452978,0.8510640887699517,0.9131155566427788,0.8510640887699517,0.93981390092748,0.8807989337975534,0.02-0.10
pathway|Interleukin-1 Signaling,pathway,96,0.0662834926288457,0.4951049658625774,-0.018938656280428436,0.5793139886455698,-0.018938656280428436,0.7056275228200586,0.13882667964946446,0.02-0.10
"pathway|Nucleotide-binding Domain, Leucine Rich Repeat Containing Receptor (NLR) Signaling Pathways",pathway,52,0.0339475378946425,0.7880338221522406,0.7157662838879131,0.8152660199721847,0.7157662838879131,0.8561143167021007,0.7984664070107108,0.02-0.10
pathway|RNA Polymerase I Transcription Termination,pathway,28,0.0570156695156695,0.6189854354470438,0.1856377799415774,0.6953912937161346,0.1856377799415774,0.810000081119771,0.6661148977604674,0.02-0.10
pathway|SMAD2 SMAD3 SMAD4 Heterotrimer Regulates Transcription,pathway,34,0.097391941639894,0.8775884453099644,0.7995861733203505,0.8984883154819865,0.7995861733203505,0.9298381207400195,0.8578627069133398,0.02-0.10
pathway|Cilium Assembly,pathway,162,0.080983535037837,0.6234527320892435,0.2752346060891079,0.6771457784114052,0.2752346060891079,0.757685347894648,0.5985394352482961,0.02-0.10
pathway|Cooperation of PDCL (PhLP1) and TRiC CCT in G-protein Beta Folding,pathway,26,0.0644199685416822,0.3709716334906059,-0.08921724948627606,0.4407521664772712,-0.08921724948627606,0.5454229659572692,-0.07251703992210322,0.02-0.10
pathway|Metabolism of Folate and Pterines,pathway,15,0.0305524644132238,0.7024383317104835,0.5087877312560857,0.7287390457643623,0.5087877312560857,0.7681901168451801,0.6436952288218112,0.02-0.10
regulon|ATF5 human,regulon,6,0.0220188250567997,0.5252596559558586,0.028529698149951318,0.6030647517039921,0.028529698149951318,0.7197723953261927,0.1510223953261928,0.02-0.10
pathway|RNA Pol II CTD Phosphorylation and Interaction With CE During HIV Infection,pathway,27,0.0571175137387406,0.6795602077247648,0.469255111976631,0.742806718597858,0.469255111976631,0.8376764849074977,0.7483446932814023,0.02-0.10
pathway|TP53 Regulates Transcription of Genes Involved in G1 Cell Cycle Arrest,pathway,9,0.0579965920155793,0.5525428383695299,0.1578758390720513,0.5832293018105947,0.1578758390720513,0.6292589969721922,0.3563534566699124,0.02-0.10
regulon|SNAI1 human,regulon,6,0.0356296656929568,0.44530185004868555,-0.022468354430379745,0.5062463485881208,-0.13882667964946446,0.5976630963972737,-0.13882667964946446,0.02-0.10
"complex|H2AX complex, isolated from cells without IR exposure (human)",complex,9,0.0639822027480255,0.5543038111805366,0.24145569620253166,0.5891375601086517,0.24145569620253166,0.6413881835008246,0.3268500486854917,0.02-0.10
pathway|COPI-mediated Anterograde Transport,pathway,80,0.054010120727694,0.5636026672117015,0.36236055922347443,0.6340612090997007,0.36236055922347443,0.7397490219316993,0.4262414800389484,0.02-0.10
regulon|TCF7L2 human,regulon,9,0.0727834577518122,0.49532890158029313,0.24712905994286716,0.5507728339920173,0.24712905994286716,0.6339387326096033,0.5931511267826903,0.02-0.10
pathway|Nuclear Envelope (NE) Reassembly,pathway,64,0.0486929901585756,0.2481867888832693,-0.42134154508409527,0.38907432883385884,-0.42134154508409527,0.6004056387597433,0.3091201207643865,0.02-0.10
pathway|Sema4D in Semaphorin Signaling,pathway,18,0.0204491793471689,0.7096927933531764,0.5516309639727361,0.7369936515012998,0.5516309639727361,0.777944938723485,0.709031158714703,0.02-0.10
signature|heme Metabolism,signature,147,0.0606419470857529,0.8136530686350624,0.6636967795729765,0.8436125159005486,0.6636967795729765,0.8885516867987783,0.8131648776722308,0.02-0.10
regulon|NFKB2 human,regulon,4,0.0601712106458941,0.7130233690360273,0.5023125608568646,0.739888023369036,0.5023125608568646,0.7801850048685492,0.6699610516066212,0.02-0.10
pathway|Adipogenesis,pathway,89,0.0784675358775771,0.8559049649526539,0.7535115267940187,0.8815124737602236,0.7535115267940187,0.9199237369715785,0.868448599298193,0.02-0.10
complex|TNF-alpha/NF-kappa B signaling complex 9 (human),complex,5,0.0287122687439143,0.3101227648849745,-0.3739334704935025,0.4517745298178305,-0.3739334704935025,0.6642521772171143,0.339694981707023,0.02-0.10
regulon|ARNTL mouse,regulon,11,0.0665012835266,0.5620090879584551,0.12222492697176243,0.6435345666991237,0.12222492697176243,0.7658227848101266,0.5233203505355404,0.02-0.10
pathway|Intrinsic Pathway for Apoptosis,pathway,48,0.0555777258696057,0.3854006961492839,0.012013218191667152,0.4693551593754949,0.012013218191667152,0.5952868542148115,0.143537874502868,0.02-0.10
pathway|Transport to the Golgi and Subsequent Modification,pathway,147,0.0573658730809019,0.764341934436871,0.6417234664070107,0.8003334956183059,0.6417234664070107,0.8543208373904577,0.7281402142161636,0.02-0.10
pathway|Semaphorin Interactions,pathway,47,0.0636027984474687,0.7268742311631288,0.5829063158454634,0.7606519210285219,0.5829063158454634,0.8113184558266117,0.6973186139588323,0.02-0.10
pathway|Regulation of MITF-M-dependent Genes Involved in Cell Cycle and Proliferation,pathway,12,0.0443093299105957,0.6658998701720221,0.37480525803310616,0.7050511197663096,0.37480525803310616,0.7637779941577411,0.479381694255112,0.02-0.10
pathway|Toll Like Receptor 4 (TLR4) Cascade,pathway,128,0.0865552421001081,0.8136197663096397,0.6799902629016554,0.851136806231743,0.6799902629016554,0.9074123661148978,0.8513145082765338,0.02-0.10
pathway|mRNA 3'-End Processing,pathway,56,0.0942390362801755,0.6126359826437918,0.23607594936708864,0.6632551566352815,0.23607594936708864,0.7391839176225161,0.3048685491723467,0.02-0.10
regulon|FOXO3 mouse,regulon,8,0.0371765892335512,0.8555866601752679,0.7784079844206427,0.8502677702044791,0.7503407984420644,0.8422894352482961,0.7503407984420644,0.02-0.10
regulon|TP63 human,regulon,12,0.0467790121271134,0.39401168451801366,-0.17646056475170402,0.4881791626095424,-0.17646056475170402,0.6294303797468355,-0.14483933787731257,0.02-0.10
regulon|NRF1 human,regulon,15,0.076106319840497,0.43950591728390015,-0.034639727361246354,0.4933765442114833,-0.16830574488802338,0.5741824846028579,-0.16830574488802338,0.02-0.10
pathway|Transcriptional Regulation by RUNX3,pathway,73,0.0500688506963433,0.31226371530240665,-0.4301850048685492,0.375088151888365,-0.4301850048685492,0.4693248067673025,-0.1624634858812074,0.02-0.10
"pathway|Defective Binding of RB1 Mutants to E2F1,(E2F2, E2F3)",pathway,16,0.0792800632911392,0.49573653067839096,0.06811141742712197,0.5416875274412079,0.06811141742712197,0.6106140225854331,0.38476378264942457,0.02-0.10
pathway|Cyclin D Associated Events in G1,pathway,45,0.0262445536179713,0.5056736504724114,0.22351509250243431,0.5886712192399556,0.22351509250243431,0.7131675723912717,0.5020447906523856,0.02-0.10
"complex|Gamma-secretase complex (Aph1a, Psen1, Psenen, Ncstn) (mouse)",complex,4,0.033876987990912,0.5894188585922902,0.21217137293086663,0.6129216146931753,0.21217137293086663,0.648175748844503,0.29476630963972744,0.02-0.10
celltype|Neutrophils,celltype,117,0.0382096093365945,0.3155166272671026,-0.2514636254278941,0.41464565325848934,-0.30684031158714703,0.5633391922455694,-0.30684031158714703,0.02-0.10
pathway|Class I Peroxisomal Membrane Protein Import,pathway,19,0.039692484212804,0.4944921110369172,0.021445959104186955,0.49749768002196,-0.040993184031158716,0.502006033499524,-0.040993184031158716,0.02-0.10
pathway|Toll Like Receptor 7 8 (TLR7 8) Cascade,pathway,98,0.0777030230074543,0.8012782993645673,0.6964015117066138,0.839349521138471,0.6964015117066138,0.8964563537993263,0.8322226888097686,0.02-0.10
pathway|Pervasive Developmental Disorders,pathway,11,0.0409303354872975,0.5384856913313955,0.07848292317133494,0.6333749393883205,0.07848292317133494,0.7757088114737078,0.4718956159045682,0.02-0.10
pathway|RAS Processing,pathway,21,0.0217642694857884,0.4604798336801301,0.07321169927148029,0.551628108032969,0.07321169927148029,0.6883505195622275,0.5147457978204775,0.02-0.10
complex|Ikaros complex (mouse),complex,8,0.0924624426206704,0.7513591366439467,0.6391674780915289,0.7903359298928919,0.6391674780915289,0.8488011197663096,0.7618792599805257,0.02-0.10
"complex|SNARE complex (VAMP4, STX6, STX16, VTI1a, VTI1b) (human)",complex,5,0.0964459591041869,0.7876098451401158,0.6294015263553645,0.8209906253666036,0.6294015263553645,0.8710617957063354,0.7485363746461788,0.02-0.10
pathway|GPER1 Signaling,pathway,29,0.0528261568200459,0.7047570216784275,0.6435530888208805,0.7382868022345305,0.6435530888208805,0.7885814730686851,0.6825462512171373,0.02-0.10
pathway|Chromosome Maintenance,pathway,85,0.0905400066550476,0.6472842633607773,0.24094449853943525,0.716378563288119,0.24094449853943525,0.8200200131791316,0.6287731256085686,0.02-0.10
pathway|CaMK IV-mediated Phosphorylation of CREB,pathway,7,0.0341702601196272,0.4251755842577769,-0.03657564342704445,0.5192100135457047,-0.03657564342704445,0.6602616574775964,0.2607399113125279,0.02-0.10
complex|Mediator complex (human),complex,32,0.0532170214687313,0.6095585848750406,0.45404089581304774,0.6656377799415774,0.45404089581304774,0.7497565725413826,0.6230038948393379,0.02-0.10
pathway|Translesion Synthesis by Y Family DNA Polymerases Bypasses Lesions on DNA Template,pathway,37,0.0430653876856408,0.4927773765006443,0.16747809152872445,0.5932318201582345,0.16747809152872445,0.7439134856446198,0.5715920155793575,0.02-0.10
celltype|Dendritic Cells,celltype,159,0.0341697947317964,0.48963058539701937,0.1554200443509268,0.578881306576211,0.1554200443509268,0.7127573883449985,0.23313047711781892,0.02-0.10
pathway|NR1H2 & NR1H3 Regulate Gene Expression to Control Bile Acid Homeostasis,pathway,7,0.0742801502295173,0.2738134863159181,-0.556862649727358,0.41052591163894725,-0.556862649727358,0.6155945496234908,-0.004807780084420153,0.02-0.10
regulon|SMARCA4 human,regulon,6,0.0626046738072054,0.7977247369473591,0.6094000085312978,0.8024029677095641,0.6094000085312978,0.8094203138528713,0.672176241480039,0.02-0.10
pathway|HS-GAG Degradation,pathway,18,0.0392952377315743,0.3634618638003561,-0.046202531645569624,0.43947891275288614,-0.046202531645569624,0.5535044861816811,0.22395326192794546,0.02-0.10
complex|18S U11/U12 snRNP (human),complex,20,0.0292561369343514,0.6913483685693501,0.4079113924050633,0.7507905284515566,0.4079113924050633,0.8399537682748663,0.617891918208374,0.02-0.10
pathway|Interconversion of Nucleotide Di- and Triphosphates,pathway,25,0.0933202693930542,0.8141151719869955,0.6933057448880234,0.851822865699534,0.6933057448880234,0.9083844062683422,0.8546981499513147,0.02-0.10
pathway|Respiratory Syncytial Virus Infection Pathway,pathway,97,0.0326433346466704,0.5307125047344039,0.10294985798658905,0.618607613877918,0.10294985798658905,0.7504502775931892,0.5654817335470507,0.02-0.10
pathway|TLR3-mediated TICAM1-dependent Programmed Cell Death,pathway,5,0.0888753651411879,0.7638631891572852,0.5799816211257663,0.7972728092951645,0.5799816211257663,0.8473872395019832,0.6847777798190332,0.02-0.10
pathway|Interleukin-2 Signaling,pathway,9,0.0578856972844314,0.7272276047760263,0.5376338851022395,0.7224154129672687,0.5376338851022395,0.715197125254132,0.6414800389483933,0.02-0.10
pathway|Costimulation by the CD28 Family,pathway,56,0.0645464345780801,0.671056448708236,0.5554284323271665,0.7056321773034776,0.5554284323271665,0.7574957701963402,0.5932570593962999,0.02-0.10
regulon|GLI1 human,regulon,13,0.022145657004469,0.47570593962999036,-0.03261927945472249,0.5726923076923077,-0.03261927945472249,0.718171859785784,0.47353943524829606,0.02-0.10
pathway|RHO GTPases Activate WASPs and WAVEs,pathway,33,0.0385022480156973,0.6591829757908411,0.5147885782581327,0.6555098480076611,0.5147885782581327,0.650000156332891,0.5256822222156925,0.02-0.10
pathway|Dual Incision in GG-NER,pathway,40,0.051147261129004,0.6821283674131776,0.3884858812074002,0.7503724440116846,0.3884858812074002,0.852738558909445,0.7804040895813048,0.02-0.10
pathway|Glycerophospholipid Catabolism,pathway,5,0.0707546251217137,0.6198528607402586,0.20713494566950152,0.6311094121798642,0.20713494566950152,0.6479942393392724,0.2486854917234664,0.02-0.10
complex|CoREST-HDAC complex (human),complex,7,0.0880558260305095,0.8120943708565779,0.6699042715817308,0.8478948550344401,0.6699042715817308,0.9015955813012334,0.7436754118651093,0.02-0.10
complex|HMGB1-HMGB2-HSC70-ERP60-GAPDH complex (human),complex,3,0.0307286595261278,0.14005188261987972,-0.8180379746835443,0.18678092036613442,-0.8180379746835443,0.25687447698551646,-0.787512171372931,0.02-0.10
complex|p400-associated complex (human),complex,6,0.089915611814346,0.6574835751358535,0.28992210321324247,0.7278012984727612,0.28992210321324247,0.8332778834781227,0.6473466407010711,0.02-0.10
pathway|SARS-CoV-1-host Interactions,pathway,90,0.0727357781837941,0.2886213040903297,-0.4247078870496592,0.24023219307959348,-0.4247078870496592,0.1676485265634891,-0.24678675754625126,0.02-0.10
pathway|Recruitment of NuMA to Mitotic Centrosomes,pathway,78,0.053844613679083,0.3991286279741925,-0.0176120838129102,0.44017140005004707,-0.09174780915287245,0.501735558163829,-0.09174780915287245,0.02-0.10
pathway|Deadenylation-dependent mRNA Decay,pathway,51,0.0406143345361513,0.35742363603976113,-0.09203992210321324,0.4465809398325768,-0.09203992210321324,0.5803168955218003,0.11273125608568647,0.02-0.10
pathway|Signaling by ALK Fusions and Activated Point Mutants,pathway,82,0.0950545963590113,0.9098263550795197,0.8725900681596885,0.9173417721518987,0.8725900681596885,0.9286148977604676,0.8851509250243429,0.02-0.10
pathway|Transferrin Endocytosis and Recycling,pathway,22,0.0897091305319153,0.17872719771397247,-0.47709291866420833,0.2879919660286831,-0.47709291866420833,0.4518891185007492,-0.12283349561830575,0.02-0.10
pathway|DDX58 IFIH1-mediated Induction of Interferon-Alpha Beta,pathway,63,0.0576430987006732,0.6677457134201633,0.5240723723920975,0.7200414761483287,0.5240723723920975,0.7984851202405769,0.5776777020447906,0.02-0.10
celltype|B Cells Memory,celltype,91,0.0298654164184836,0.3264281696947527,-0.2789678675754625,0.4396315334962944,-0.2789678675754625,0.6094365791986072,-0.0807205452775073,0.02-0.10
pathway|HIV Transcription Elongation,pathway,42,0.06004470470355,0.5662122687439144,0.2765335929892892,0.6511514118792601,0.2765335929892892,0.7785601265822786,0.6450584225900682,0.02-0.10
complex|Keap1-Nrf2-Cul3 complex (mouse),complex,3,0.0783592989289191,0.43642892347515766,-0.31808223189151613,0.5579050614062707,-0.31808223189151613,0.7401192683029402,0.39850045046983656,0.02-0.10
pathway|Protein Folding,pathway,72,0.0462601790010864,0.2620050308341448,-0.4477361246348588,0.39682570593963,-0.4477361246348588,0.5990567185978579,0.2067429406037001,0.02-0.10
complex|Replication-coupled CAF-1-MBD1-ETDB1 complex (human),complex,3,0.0907335280753002,0.6987260387759423,0.45582069025120053,0.7541059535803836,0.45582069025120053,0.8371758257870454,0.6801606621226876,0.02-0.10
pathway|Pyruvate Metabolism,pathway,40,0.0382581829076473,0.4522650782423714,0.225098740867976,0.5408774015448345,0.225098740867976,0.6737958864985292,0.39754138266796496,0.02-0.10
pathway|Pre-NOTCH Processing in Golgi,pathway,17,0.0531174823873074,0.6904901006166829,0.5817672833495618,0.7300900681596885,0.5817672833495618,0.7894900194741967,0.7055988315481986,0.02-0.10
regulon|HIF1A human,regulon,53,0.0587871483020846,0.6842147708641092,0.5163920958521757,0.7417253875469945,0.5163920958521757,0.8279913125713222,0.7099691451246267,0.02-0.10
regulon|NFKB1 mouse,regulon,120,0.0583822029298574,0.7385873093151574,0.5768987341772153,0.7870691333982472,0.5768987341772153,0.8597918695228822,0.7133885102239533,0.02-0.10
pathway|HIV Elongation Arrest and Recovery,pathway,32,0.0543563699469171,0.6018133173448684,0.3461295034079845,0.6786541401782944,0.3461295034079845,0.7939153744284333,0.6737828627069135,0.02-0.10
"complex|Ksr1-Mek-Braf-Erk complex, EGF induced (mouse)",complex,6,0.0310045439792275,0.66953850808545,0.25467535708454253,0.7044633449654658,0.25467535708454253,0.7568506002854894,0.5447176241480038,0.02-0.10
pathway|mRNA Splicing - Major Pathway,pathway,198,0.0761178391599904,0.13890437460283397,-0.662049659201558,0.27633117539198526,-0.662049659201558,0.48247137657571215,-0.6553310613437197,0.02-0.10
pathway|Activation of ATR in Response to Replication Stress,pathway,30,0.1919691882393759,0.634038305107193,0.2118574958469469,0.6782513103249574,0.2118574958469469,0.7445708181516042,0.4895082765335931,0.10-0.30
pathway|HDR Through Single Strand Annealing (SSA),pathway,32,0.1144192979080943,0.5437258411885306,0.0718119743477529,0.6093422870417802,0.0718119743477529,0.7077669558216548,0.5221518987341772,0.10-0.30
pathway|IRS Activation,pathway,3,0.1249594287568971,0.7786683498677108,0.6724926971762416,0.8009507505112827,0.6045277507302823,0.8343743514766406,0.6045277507302823,0.10-0.30
complex|p23 protein complex (human),complex,3,0.1242778318727686,0.7999615923138993,0.6360134145417349,0.8274619948960066,0.6360134145417349,0.8687125987691676,0.7129772210974149,0.10-0.30
pathway|SUMOylation of Chromatin Organization Proteins,pathway,52,0.1524851446832946,0.890373059604193,0.8274271386907037,0.9126360286967209,0.8274271386907037,0.9460304823355131,0.904381694255112,0.10-0.30
pathway|Signaling by NTRK2 (TRKB),pathway,19,0.1483065420773615,0.8261927945472248,0.6697419668938657,0.8609615384615384,0.6697419668938657,0.9131146543330089,0.7803554040895814,0.10-0.30
pathway|Regulation of TP53 Activity Through Association With Co-factors,pathway,9,0.140477929243752,0.6203992210321324,0.13717137293086662,0.6904819863680624,0.13717137293086662,0.7956061343719572,0.5945228821811099,0.10-0.30
pathway|RHOJ GTPase Cycle,pathway,47,0.2617831950833508,0.9193403115871471,0.8606377799415775,0.9342478091528725,0.8606377799415775,0.9566090555014607,0.9129746835443039,0.10-0.30
pathway|Heme Signaling,pathway,39,0.2513154281103853,0.9016339455024474,0.8023344978016143,0.9204665453603857,0.8023344978016143,0.9487154451472933,0.8438880707547037,0.10-0.30
complex|CTF18-cohesion-RFC-POLH complex (human),complex,7,0.1282781564427133,0.6306616624272738,0.30805744888023373,0.7035532683043454,0.30805744888023373,0.8128906771199527,0.7414070107108082,0.10-0.30
complex|GAA1-GPI8-PIGT-PIG-PIGS complex (human),complex,5,0.1835345666991237,0.6884179020205324,0.3692253388883173,0.7488137775889778,0.3692253388883173,0.8394075909416459,0.6071191661034867,0.10-0.30
pathway|CTNNB1 S33 Mutants Aren'T Phosphorylated,pathway,15,0.235337552742616,0.8561384290814672,0.7327896786757546,0.8761392405063292,0.7327896786757546,0.9061404576436223,0.7728821811100294,0.10-0.30
pathway|UCH Proteinases,pathway,69,0.1229445010297417,0.7775746947625327,0.6156523855890944,0.8175884435235986,0.6156523855890944,0.8776090666651973,0.7411148977604674,0.10-0.30
complex|ING2 complex (human),complex,12,0.1932448880233691,0.8555542031807856,0.759225900681597,0.8736562804284324,0.759225900681597,0.9008093962999028,0.8348101265822784,0.10-0.30
complex|FYB-CARMA1-BCL-10-MALT1 complex (human),complex,3,0.1423888347938981,0.8330452775073028,0.6414556962025316,0.85008276533593,0.6414556962025316,0.8756389970788705,0.7505842259006816,0.10-0.30
pathway|PLC Beta Mediated Events,pathway,33,0.1436855470478888,0.9160418695228821,0.8837390457643621,0.9304552093476144,0.8837390457643621,0.9520752190847128,0.9259250243427459,0.10-0.30
complex|Emerin complex 24 (human),complex,12,0.1166010150187365,0.7830047062642,0.6637779941577411,0.8265968841285296,0.6637779941577411,0.8919851509250244,0.8009493670886076,0.10-0.30
complex|BRCA1-CTIP-ZBRK1 repressor complex (human),complex,3,0.190506329113924,0.8077278864395732,0.6999640939109725,0.8408224932987991,0.6999640939109725,0.890464403587638,0.8143892599201722,0.10-0.30
pathway|Signal Regulatory Protein Family Interactions,pathway,12,0.1418805877666637,0.804227523531321,0.7154576436222005,0.8358714703018502,0.7154576436222005,0.8833373904576436,0.7827896786757547,0.10-0.30
pathway|RHOBTB3 ATPase Cycle,pathway,9,0.1676593097479173,0.8789864530487764,0.8167140345939046,0.8613423493508388,0.7578870496592015,0.8348761938039322,0.7578870496592015,0.10-0.30
pathway|Signaling by EGFR,pathway,40,0.1405855054552717,0.9409931840311586,0.9049172346640701,0.9449610516066211,0.9049172346640701,0.9509128529698151,0.9260223953261928,0.10-0.30
pathway|Signaling by WNT in Cancer,pathway,26,0.2272500936259456,0.9028115871470302,0.8235881207400194,0.9117867575462512,0.8235881207400194,0.9252495131450829,0.894157740993184,0.10-0.30
complex|BRCC complex (human),complex,5,0.1810345666991236,0.9102639128685565,0.7944790316543887,0.8719748282106611,0.7721565978514326,0.8145412012238186,0.7721565978514326,0.10-0.30
complex|DSS1 complex (human),complex,11,0.1117048774010799,0.6269653353250717,0.45428708792885997,0.579891843453596,0.06387536514118794,0.5092816056463823,0.06387536514118794,0.10-0.30
complex|SMAD3-SMAD4-cJUN complex (human),complex,3,0.1464540733528075,0.728928287592108,0.47554422252733003,0.7723518819902297,0.47554422252733003,0.8374872735874123,0.5450562024314403,0.10-0.30
complex|Smrt-Sin3A-Hdac7 complex (mouse),complex,3,0.1729065238558909,0.6967177864329764,0.41015092502434275,0.751896299902629,0.41015092502434275,0.8346640701071081,0.6160175267770205,0.10-0.30
"complex|LAT-PLC-gamma-1-p85-GRB2-SOS signaling complex, C305 activated (human)",complex,5,0.1738096397273613,0.5654302910043321,0.002750747022610716,0.6577687780406898,0.002750747022610716,0.7962765085952263,0.6235675728424434,0.10-0.30
complex|Telosome complex (human),complex,5,0.1223466407010711,0.407978532846714,0.17321397058578025,0.49305277509410034,0.17321397058578025,0.6206641384651799,0.3530671859785784,0.10-0.30
pathway|TP53 Regulates Transcription of Death Receptors and Ligands,pathway,9,0.1298685491723466,0.8817916260954236,0.7804040895813048,0.8965603700097372,0.7804040895813048,0.9187134858812075,0.8566212268743914,0.10-0.30
complex|hs4 enhancer complex (faster migrating complex) (human),complex,5,0.2022955209347614,0.7980406493501526,0.6978267094146531,0.8238244342414383,0.6978267094146531,0.862500111578367,0.7287311418369693,0.10-0.30
pathway|RHOBTB GTPase Cycle,pathway,34,0.1462162434239872,0.8888171903189411,0.8231427893457527,0.9025058074282075,0.8231427893457527,0.9230387330921073,0.871080817916261,0.10-0.30
regulon|KAT2B human,regulon,9,0.2169026560640484,0.5613580654370072,0.12012147253960123,0.6484624877649985,0.12012147253960123,0.7791191212569852,0.47200228833855473,0.10-0.30
pathway|Diseases of DNA Repair,pathway,44,0.1140096619600593,0.4415170577679837,-0.1674791107571834,0.5295770551218217,-0.1674791107571834,0.6616670511525787,0.4546251217137293,0.10-0.30
complex|SKI-SMAD3-SMAD4  pentameric complex (human),complex,3,0.1581223628691983,0.8687908879927901,0.7547636000845711,0.8924836483867262,0.7547636000845711,0.9280227889776304,0.8187367255307745,0.10-0.30
complex|SIN3-ING1b complex II (human),complex,16,0.2303929324894515,0.9054737521119572,0.838296240864117,0.9248330243014375,0.838296240864117,0.9538719325856581,0.9223466407010711,0.10-0.30
pathway|Protein Localization,pathway,141,0.1012923901666158,0.8671082820565384,0.7112950340798442,0.8942778246605751,0.7112950340798442,0.9350321385666303,0.8231256085686467,0.10-0.30
pathway|Calmodulin Induced Events,pathway,23,0.1156706667025874,0.7634656183077997,0.5977835526231063,0.8030161687591907,0.5977835526231063,0.8623419944362773,0.7153611617762674,0.10-0.30
pathway|RHOQ GTPase Cycle,pathway,51,0.1729321839738817,0.8352471426878285,0.6929415635667637,0.8654239410121847,0.6929415635667637,0.9106891384987188,0.7952943759334057,0.10-0.30
complex|MTA2 complex (human),complex,9,0.1505659688412853,0.7809599872454522,0.5894631783408716,0.8143943663573557,0.5894631783408716,0.864545935025211,0.7521710818729956,0.10-0.30
pathway|Regulation of NPAS4 mRNA Translation,pathway,8,0.2266457434970092,0.8708481527743896,0.7785344360808487,0.877420600573466,0.72738558909445,0.8872792722720804,0.72738558909445,0.10-0.30
pathway|Downstream Signal Transduction,pathway,27,0.2839896858884201,0.9496742261285959,0.9130897826957225,0.9506692803526213,0.9130897826957225,0.9521618616886598,0.9410175267770204,0.10-0.30
complex|LIN2-LIN7-SAP97-MINT1 complex (human),complex,4,0.2211700746510874,0.8586706447881793,0.7842502434274586,0.8687386820049845,0.7842502434274586,0.8838407378301922,0.8401584722555305,0.10-0.30
complex|TERF2-RAP1 complex (human),complex,6,0.1526192794547225,0.7269518401217757,0.5211295034079845,0.7769105106361544,0.5211295034079845,0.851848516407722,0.6983203505355404,0.10-0.30
pathway|Cdc20 Phospho-APC C Mediated Degradation of Cyclin A,pathway,58,0.2353227968857779,0.8685620379516789,0.7885345666991237,0.8865248474794981,0.7885345666991237,0.9134690617712267,0.838145082765336,0.10-0.30
complex|IKB(alpha)-RELA-cREL complex (human),complex,3,0.2198880233690359,0.6847531962497126,0.31456461948510855,0.7208734977627744,0.31456461948510855,0.7750539500323671,0.3650648751051255,0.10-0.30
complex|ARC complex (human),complex,18,0.1268712093730708,0.8691455696202532,0.7798198636806232,0.8935540408958131,0.7798198636806232,0.930166747809153,0.8967867575462513,0.10-0.30
complex|ITGAV-ITGB5-ADAM9 complex (human),complex,3,0.2636562804284323,0.87912221986233,0.7913311796266391,0.9016006701418616,0.7913311796266391,0.9353183455611591,0.8634252927567607,0.10-0.30
complex|SIN3 complex (human),complex,7,0.1882297027866648,0.8204239695496827,0.7600825224247522,0.8510827855901327,0.7600825224247522,0.8970710096508077,0.8332207474639901,0.10-0.30
pathway|Maple Syrup Urine Disease,pathway,5,0.1900048685491723,0.652921129503408,0.2770691333982473,0.6479503407984419,0.11375365141187926,0.6404941577409932,0.11375365141187926,0.10-0.30
complex|CDC2-PCNA-CCNB1-GADD45A complex (human),complex,4,0.2651452450503084,0.8890295358649789,0.8002434274586174,0.891010223953262,0.7498052580331063,0.8939812560856866,0.7498052580331063,0.10-0.30
complex|Mediator complex (mouse),complex,13,0.1531907722267995,0.9257784416934877,0.8827760805921733,0.9379024879632318,0.8827760805921733,0.956088557367848,0.9412609542356379,0.10-0.30
complex|ITGA2b-ITGB3-CD47-SRC complex (human),complex,3,0.1912690684842584,0.5732241874745984,0.07481925073421153,0.5162949993243874,0.07481925073421153,0.4309012170990712,0.18799143120056888,0.10-0.30
"complex|Apoptosis- and splicing-associated protein complex (ASAP-S), SAP18-RNPS1-Acinus-S (human)",complex,3,0.2566455696202532,0.878683530087672,0.8183937147246639,0.8817600315881562,0.8059665160760742,0.8863747838388822,0.8059665160760742,0.10-0.30
"pathway|Signaling by Phosphorylated Juxtamembrane, Extracellular and Kinase Domain KIT Mutants",pathway,17,0.2692246835443038,0.9180365777998314,0.8634546218187027,0.930621654914049,0.8634546218187027,0.9494992705853758,0.880567676304502,0.10-0.30
pathway|Downregulation of SMAD2 3 SMAD4 Transcriptional Activity,pathway,29,0.13428615797123,0.8920653498385379,0.7876678149051662,0.9129545132141482,0.7876678149051662,0.9442882582775634,0.8931949026331354,0.10-0.30
pathway|Regulation of PTEN Stability and Activity,pathway,53,0.1537749098011173,0.8253981851338071,0.6870009737098345,0.8554463770404462,0.6870009737098345,0.900518664900405,0.8337147030185006,0.10-0.30
pathway|RHOF GTPase Cycle,pathway,30,0.2548613862494264,0.8906142960240837,0.7849122743102648,0.9109964194852376,0.7849122743102648,0.9415696046769687,0.8697594313661025,0.10-0.30
complex|BRM-SIN3A-HDAC complex (human),complex,12,0.2766556755480806,0.9216420904491859,0.8466023199546272,0.9368629580798947,0.8466023199546272,0.9596942595259578,0.9214450030502768,0.10-0.30
pathway|RUNX1 Regulates Transcription of Genes Involved in Differentiation of Keratinocytes,pathway,7,0.1053414939490888,0.7293897527091224,0.5323547490041924,0.7749529936130909,0.5323547490041924,0.8432978549690435,0.7500486854917234,0.10-0.30
complex|ABIN2-NFKB1-MAP3K8 complex (human),complex,3,0.1344287568971113,0.696926619045633,0.2915304986087251,0.761521116357415,0.2915304986087251,0.858412862325088,0.6095217230013249,0.10-0.30
pathway|Turbulent Flow Shear Stress Activates Signaling by PIEZO1 and Integrins in Endothelial Cells,pathway,27,0.1735322919354078,0.8112284485800098,0.6413822064519493,0.8452864714733772,0.6413822064519493,0.8963735058134286,0.792626447791202,0.10-0.30
pathway|Downstream Signaling Events of B Cell Receptor (BCR),pathway,65,0.1285361583401992,0.7704041818163968,0.5893622200584226,0.8052182284345187,0.5893622200584226,0.8574392983617016,0.6968597857838364,0.10-0.30
complex|CDC5L core complex (human),complex,5,0.2279454722492697,0.8514737080794448,0.7935953456691249,0.8763417190878329,0.7935953456691249,0.913643735600415,0.8521421616358326,0.10-0.30
pathway|Apoptotic Cleavage of Cellular Proteins,pathway,25,0.1407254949691658,0.8771883341144061,0.7779840188252338,0.8988291816084267,0.7779840188252338,0.9312904528494577,0.8629417529752405,0.10-0.30
complex|NCOR1 complex (human),complex,10,0.2009699231851131,0.8619685167153522,0.7924050632911394,0.889323271665044,0.7924050632911394,0.9303554040895814,0.8750486854917237,0.10-0.30
pathway|E2F-enabled Inhibition of Pre-Replication Complex Formation,pathway,8,0.1860846432048964,0.7202738339755576,0.41504381694255116,0.7340951473921238,0.41504381694255116,0.7548271175169733,0.5217867575462514,0.10-0.30
pathway|Resolution of AP Sites via the Multiple-Nucleotide Patch Replacement Pathway,pathway,23,0.1845184947138717,0.737027753172184,0.4055014605647518,0.7958820158683562,0.4055014605647518,0.8841634099126143,0.7782132424537488,0.10-0.30
regulon|HOXC8 mouse,regulon,6,0.1554057124310289,0.5961600653856587,0.09766309639727362,0.6694249770286202,0.09766309639727362,0.7793223444930624,0.4900438169425511,0.10-0.30
pathway|HSP90 Chaperone Cycle for Steroid Hormone Receptors (SHR) in the Presence of Ligand,pathway,40,0.139659856939555,0.5182888029847191,0.12851004792091855,0.5918645085900227,0.12851004792091855,0.702228066997978,0.24043330087633888,0.10-0.30
complex|TNF-alpha/NF-kappa B signaling complex 10 (human),complex,9,0.1468631667207617,0.41618786451730655,-0.04329436395008224,0.531129596429094,-0.04329436395008224,0.7035421942967752,0.07115514524941825,0.10-0.30
regulon|HSF2 human,regulon,6,0.1703050957481336,0.7555729850315481,0.6007461097123765,0.8080527774427733,0.6007461097123765,0.886772466059611,0.8122250013843286,0.10-0.30
"complex|LINC complex, quiescent cells (human)",complex,6,0.1083544303797467,0.9108568646543329,0.8252921129503409,0.9191650438169425,0.8252921129503409,0.9316273125608568,0.8973222979552095,0.10-0.30
pathway|SUMOylation of Transcription Cofactors,pathway,40,0.111734795146431,0.8968922427783187,0.8021421616358325,0.9179844206426484,0.8021421616358325,0.9496226874391431,0.8922103213242453,0.10-0.30
pathway|Activation of the Pre-Replicative Complex,pathway,28,0.2630303241062734,0.7512130801687764,0.5205209347614411,0.7635637779941578,0.5205209347614411,0.7820898247322299,0.5989289191820838,0.10-0.30
pathway|Integrin Signaling,pathway,21,0.1501879028144851,0.7804103089414537,0.6385661689351423,0.8133057592399675,0.6385661689351423,0.8626489346877383,0.778346469033329,0.10-0.30
pathway|Methionine Salvage Pathway,pathway,6,0.14182570593963,0.7444092827004218,0.4635345666991237,0.7927775073028238,0.4635345666991237,0.8653298442064264,0.6074245374878287,0.10-0.30
pathway|Regulation of RUNX1 Expression and Activity,pathway,17,0.1133586187639612,0.5900355376116969,0.09093398736886826,0.6565521951503455,0.09093398736886826,0.756327181458318,0.5933300876338852,0.10-0.30
pathway|RNA Polymerase III Chain Elongation,pathway,17,0.168676613780858,0.8567522456173307,0.7407254138266797,0.8837384274662915,0.7407254138266797,0.9242177002397326,0.8432570593962998,0.10-0.30
pathway|Sealing of the Nuclear Envelope (NE) by ESCRT-III,pathway,20,0.1173680366934864,0.7771867900032458,0.6994888023369037,0.8150584225900681,0.6994888023369037,0.8718658714703019,0.7694255111976631,0.10-0.30
regulon|RBMX human,regulon,5,0.1569401168451801,0.6927088566230756,0.4204869796023557,0.7450401907558355,0.4204869796023557,0.8235371919549757,0.5255265672356764,0.10-0.30
complex|SMAD3-SMAD4-FOXO3-FOXG1 complex (human),complex,3,0.2392567348263551,0.8937486278686254,0.8281402142161636,0.9092122289503021,0.8281402142161636,0.9324076305728173,0.8823515092502435,0.10-0.30
pathway|DCC Mediated Attractive Signaling,pathway,10,0.1122389916693714,0.853748782862707,0.7941577409931841,0.8808958130477118,0.7941577409931841,0.9216163583252192,0.8869766309639728,0.10-0.30
pathway|Displacement of DNA Glycosylase by APEX1,pathway,9,0.1235333495618305,0.5628697611906124,0.23743914313534567,0.6099348239703989,0.23743914313534567,0.6805324181400787,0.2385832521908471,0.10-0.30
pathway|N-glycan Antennae Elongation in the Medial trans-Golgi,pathway,16,0.1589625933138591,0.8743995456020772,0.7953261927945473,0.8824732229795522,0.7953261927945473,0.8945837390457644,0.8173563777994157,0.10-0.30
complex|Condensin II (human),complex,5,0.2464922103213243,0.9384412528399869,0.8841528724440118,0.9302580331061344,0.8299902629016555,0.9179832035053556,0.8299902629016555,0.10-0.30
pathway|NFE2L2 Regulating Anti-Oxidant Detoxification Enzymes,pathway,16,0.1762181515741642,0.8052742616033756,0.574269717624148,0.8442526777020449,0.574269717624148,0.9027203018500488,0.7605404089581306,0.10-0.30
pathway|Signaling by PDGF,pathway,37,0.2090878853537081,0.8967529354201828,0.8358254371225684,0.9102334241683169,0.8358254371225684,0.9304541572905181,0.9085011471757036,0.10-0.30
pathway|Ca-dependent Events,pathway,25,0.1453586497890295,0.8068507630794163,0.6569375050541998,0.8406636374137657,0.6569375050541998,0.8913829489152898,0.7282143662551224,0.10-0.30
complex|KSR1-RAF1-MEK complex (human),complex,4,0.1001947419668938,0.9078180785459268,0.8646543330087634,0.8428481012658228,0.5730038948393379,0.7453931353456671,0.5730038948393379,0.10-0.30
complex|BRCA1 B complex (human),complex,3,0.2862625770853619,0.8063940279130154,0.6373661148977605,0.7009323271665044,0.2176728334956183,0.5427397760467381,0.2176728334956183,0.10-0.30
pathway|Resolution of D-loop Structures Through Holliday Junction Intermediates,pathway,29,0.1518117358416355,0.782161410148393,0.6746917562787523,0.7684360557693484,0.5183787731256085,0.7478480242007816,0.5183787731256085,0.10-0.30
regulon|BRCA1 human,regulon,41,0.1287872265894032,0.7925186504571603,0.5440094452485031,0.8319695146416874,0.5440094452485031,0.8911458109184783,0.7728597772669025,0.10-0.30
pathway|Signaling by FGFR1,pathway,34,0.1028532214868774,0.872529780666717,0.8401341293615251,0.8952613503651488,0.8401341293615251,0.9293587049127958,0.889562375639499,0.10-0.30
pathway|Signalling to ERKs,pathway,29,0.1618167842633142,0.8745096383430573,0.8394646997763764,0.8932128889903563,0.8394646997763764,0.9212677649613042,0.8765510987936103,0.10-0.30
pathway|p53-Dependent G1 DNA Damage Response,pathway,48,0.262487871787966,0.8988810087348403,0.8057692307692308,0.9098732345048335,0.8057692307692308,0.9263615731598234,0.8547711781888998,0.10-0.30
pathway|PKMTs Methylate Histone Lysines,pathway,40,0.1450406024517514,0.9150519311911717,0.8406037000973711,0.9309785783836417,0.8406037000973711,0.9548685491723466,0.9193037974683544,0.10-0.30
pathway|GDP-fucose Biosynthesis,pathway,4,0.1549172346640701,0.7172995780590717,0.40165530671859784,0.7660199610516066,0.40165530671859784,0.8391005355404091,0.6845666991236612,0.10-0.30
pathway|FOXO-mediated Transcription of Cell Cycle Genes,pathway,13,0.2552090355279255,0.8913988964621877,0.7728578383641675,0.9117599805258033,0.7728578383641675,0.9423016066212269,0.8419425511197663,0.10-0.30
complex|SMAD3-SMAD4-cJun-cFos complex (human),complex,4,0.1377555988315481,0.8095180136319376,0.6499756572541383,0.844914800389484,0.6499756572541383,0.8980099805258034,0.7697176241480038,0.10-0.30
pathway|Regulation of Glucokinase by Glucokinase Regulatory Protein,pathway,28,0.2386911201784619,0.8945235194519757,0.856163925064084,0.9152966959896226,0.856163925064084,0.9464564607960929,0.9025493095913824,0.10-0.30
pathway|Oncogenic MAPK Signaling,pathway,68,0.1239493722178955,0.820131811027049,0.6976149760469395,0.8501598402621481,0.6976149760469395,0.8952018841147967,0.7647900096821668,0.10-0.30
pathway|RHOG GTPase Cycle,pathway,57,0.1222682131326368,0.8445272238955858,0.7311509928993288,0.8741121446784783,0.7311509928993288,0.9184895258528174,0.7955501189906266,0.10-0.30
complex|TRAP complex (human),complex,15,0.1658652107386285,0.8904103788586024,0.8215483297883986,0.9102710006398633,0.8215483297883986,0.9400619333117546,0.9036027263875365,0.10-0.30
complex|CAK complex (Cdk-activating kinase complex) (human),complex,3,0.2120415449529374,0.7683459577512325,0.5996798851438638,0.7435857227532716,0.47884272481309686,0.7064453702563301,0.47884272481309686,0.10-0.30
"complex|Ubiquitin E3 ligase (CRY1, SKP1A, CUL1, FBXL3) (human)",complex,4,0.1223222979552093,0.8918824936198448,0.787317429406037,0.9142768905777571,0.787317429406037,0.9478684860146258,0.9193524829600779,0.10-0.30
pathway|Signaling by BRAF and RAF1 Fusions,pathway,53,0.1215122922033965,0.8583162634634408,0.7743203686849541,0.8785088116368225,0.7743203686849541,0.908797633896895,0.8362616164054962,0.10-0.30
pathway|G2 Phase,pathway,4,0.2031402142161635,0.8589256734826356,0.703115871470302,0.8095545277507303,0.4601996105160663,0.7354978091528724,0.4601996105160663,0.10-0.30
pathway|Activation of Caspases Through Apoptosome-Mediated Cleavage,pathway,6,0.2570967218435573,0.9057814021421619,0.8323028237585199,0.9204065238558912,0.8323028237585199,0.942344206426485,0.8970058422590069,0.10-0.30
pathway|PKA Activation in Glucagon Signalling,pathway,12,0.1389030273523944,0.8524980534262393,0.7730985041773256,0.8675173823667329,0.7730985041773256,0.8900463757774734,0.8409303911332623,0.10-0.30
complex|REL-MAP3K8-RELA-TNIP2-PAPOLA complex (human),complex,5,0.1271251217137293,0.43238802336903603,-0.2646543330087634,0.5497030185004869,-0.2646543330087634,0.7256755111976632,0.24510710808179162,0.10-0.30
complex|SMCC complex (human),complex,16,0.156833617332035,0.8386319376825707,0.7481499513145083,0.86460564751704,0.7481499513145083,0.903566212268744,0.8542356377799416,0.10-0.30
complex|RNF20-RNF40-UbE2E1 complex (human),complex,3,0.2595748133722817,0.8348835851070854,0.6875327110138165,0.8628419699284684,0.6875327110138165,0.9047795471605434,0.7503742743286383,0.10-0.30
pathway|Signaling by EGFRvIII in Cancer,pathway,13,0.2529357975682221,0.9149010320156665,0.8665757860401632,0.9280787289499479,0.8665757860401632,0.9478452743513696,0.8709575336274838,0.10-0.30
complex|SHARP-CtIP-RBP-Jkappa complex (human),complex,3,0.1091934436871146,0.840845321783327,0.6871713729308666,0.8760783400121699,0.6871713729308666,0.9289278673554344,0.8499269717624148,0.10-0.30
pathway|Signaling by GSK3beta Mutants,pathway,15,0.235337552742616,0.8561384290814672,0.7327896786757546,0.8761392405063292,0.7327896786757546,0.9061404576436223,0.7728821811100294,0.10-0.30
pathway|Regulation of RUNX3 Expression and Activity,pathway,43,0.288561443462827,0.8719802099859351,0.7534566699123662,0.8820132856897758,0.7534566699123662,0.8970628992455366,0.7861002921129504,0.10-0.30
pathway|POLB-Dependent Long Patch Base Excision Repair,pathway,7,0.1998921964111838,0.8244240862987473,0.6817227466213549,0.8543055912956279,0.6817227466213549,0.8991278487909488,0.7524510251540578,0.10-0.30
pathway|RHOB GTPase Cycle,pathway,54,0.2342261558466478,0.8777652978545003,0.7333175104658098,0.9032979536716164,0.7333175104658098,0.9415969373972904,0.8350099501733873,0.10-0.30
pathway|DNA Replication Initiation,pathway,7,0.1868723049102796,0.5197027435853379,0.05585477029540077,0.5294353182087099,0.02524342745861733,0.544034180143768,0.02524342745861733,0.10-0.30
pathway|Metabolism of Non-Coding RNA,pathway,51,0.1108932355805029,0.5450661858273386,0.11467867575462513,0.6161605452756121,0.11467867575462513,0.7228020844480223,0.14483933787731257,0.10-0.30
pathway|SUMOylation of Ubiquitinylation Proteins,pathway,37,0.1388237555959074,0.8498808128116252,0.7882181110029213,0.8799704087238561,0.7882181110029213,0.9251048025922027,0.8846451110504073,0.10-0.30
celltype|Spermatozoa,celltype,72,0.1463018454772778,0.8543605285206318,0.7570123603810415,0.8797928951032079,0.7570123603810415,0.917941444977072,0.8509770749423671,0.10-0.30
pathway|G1 S DNA Damage Checkpoints,pathway,49,0.2533504601938146,0.8998161798512051,0.8024829600778969,0.90842362469245,0.8024829600778969,0.9213347919543167,0.8483446932814022,0.10-0.30
complex|KCNQ1 macromolecular complex (human),complex,9,0.1243914313534567,0.6658122325362473,0.2865245811762097,0.7294186142986868,0.2865245811762097,0.8248281869423459,0.5117762336505911,0.10-0.30
complex|COP9 signalosome complex (human),complex,9,0.1185126582278481,0.6989574489063565,0.46516553067185984,0.7617228240338302,0.46516553067185984,0.855870886725041,0.7475657254138268,0.10-0.30
pathway|Signaling by MRAS-complex Mutants,pathway,8,0.1436352413409375,0.6826598506978255,0.38965433300876334,0.7404357351509251,0.38965433300876334,0.8270995618305745,0.46112463485881205,0.10-0.30
pathway|NOTCH3 Intracellular Domain Regulates Transcription,pathway,19,0.1667945016712505,0.9133323607417368,0.8238243903779041,0.9120578709793301,0.8238243903779041,0.9101461363357202,0.8524881480692678,0.10-0.30
signature|Protein Secretion,signature,86,0.2084497966664757,0.9397006713894948,0.8965420709290052,0.9494435480691109,0.8965420709290052,0.964057863088535,0.9101022395326194,0.10-0.30
pathway|SUMO Is Conjugated to E1 (UBA2 SAE1),pathway,5,0.1333885102239533,0.7029815436881727,0.5178892020556787,0.7245236010502895,0.5178892020556787,0.7568366870934646,0.539226008354384,0.10-0.30
complex|SNF2h-cohesin-NuRD complex (human),complex,16,0.2614508276533593,0.9051389012988019,0.8353264077954575,0.9227175137639323,0.8353264077954575,0.9490854324616277,0.8730457220568321,0.10-0.30
complex|ITGA5-ITGB1-FN-1-NOV complex (human),complex,4,0.1917072379097696,0.647934923726063,0.2960321324245375,0.5906767283349563,0.05038948393378773,0.504789435248296,0.05038948393378773,0.10-0.30
signature|TNF-alpha Signaling via NF-kB,signature,181,0.183185526989814,0.9498742291463812,0.9135345666991237,0.9574001947419669,0.9135345666991237,0.9686891431353457,0.9335443037974683,0.10-0.30
complex|ITGA3-ITGB1-THBS1 complex (human),complex,3,0.1015417072379097,0.4766392115098054,-0.14569133398247322,0.5250659172128863,-0.14569133398247322,0.5977059757675076,0.2600048685491724,0.10-0.30
complex|Tetrameric COG subcomplex (human),complex,4,0.1711295034079843,0.5506207843699858,0.2821811100292113,0.6398228844152649,0.2821811100292113,0.7736260344831831,0.5675754625121714,0.10-0.30
pathway|p53-Independent DNA Damage Response,pathway,37,0.5065400843881858,0.9615460651218637,0.9483799511074603,0.9666099024175816,0.9483799511074603,0.9742056583611582,0.9632667964946446,>=0.30
pathway|Formation of a Pool of Free 40S Subunits,pathway,99,0.7545487514294025,0.9832691769725993,0.9750730282375853,0.9825022180880426,0.9750730282375853,0.9813517797612077,0.9750973709834468,>=0.30
complex|MCM complex (human),complex,6,0.5135864978902954,0.9355330174839646,0.8721937207666428,0.9423001791569565,0.8721937207666428,0.9524509216664443,0.9290895813047713,>=0.30
complex|Cofilin-actin-CAP1 complex (human),complex,3,0.356799740344044,0.6549862146206973,0.3027323664764445,0.6243016095086855,0.3027323664764445,0.5782747018406681,0.30514481665237386,>=0.30
complex|PCNA-MutS-alpha-MutL-alpha-DNA complex (human),complex,5,0.4108008763388511,0.776409276882767,0.559208364310705,0.7900757523282814,0.5209776166113335,0.810575465496553,0.5209776166113335,>=0.30
pathway|Regulation of Ornithine Decarboxylase (ODC),pathway,37,0.4449742463982971,0.9379636094769084,0.9028092215241047,0.9425905461879655,0.9028092215241047,0.9495309512545508,0.9213972736124636,>=0.30
pathway|Regulation of Expression of SLITs and ROBOs,pathway,141,0.4342964083228022,0.949545927603992,0.9018774918212511,0.9485692053801849,0.9018774918212511,0.9471041220444738,0.919453489151605,>=0.30
"complex|FA complex (Fanconi anemia complex), cytoplasmic (human)",complex,4,0.3026249594287569,0.8935032190933386,0.836458352366709,0.9040321862725399,0.8301850048685493,0.9198256370413418,0.8301850048685493,>=0.30
complex|STAT6-p100-RHA complex (human),complex,3,0.4547711781888998,0.804209143751171,0.5837983897952613,0.8287120528057569,0.5837983897952613,0.865466416387636,0.5887157142360354,>=0.30
complex|PHAX-CBC complex (cap binding complex) (human),complex,3,0.5692956832197339,0.8765975199695998,0.7660998795019415,0.8938636708492702,0.7587314918074521,0.9197628971687757,0.7587314918074521,>=0.30
"complex|CBP-RARA-RXRA-DNA complex, ligand stimulated (human)",complex,3,0.3350860110353782,0.8844044141512496,0.788777994157741,0.9044912366114899,0.788777994157741,0.93462147030185,0.8649221032132425,>=0.30
data_derived|MODULE_0096,data_derived,32,0.3959520860162704,0.9751023218400086,0.9525982996664941,0.9773002951238225,0.9525982996664941,0.9805972550495431,0.9637960309089801,>=0.30
"complex|55S ribosome, mitochondrial (human)",complex,76,0.4819104784844292,0.9726509250243428,0.9450340798442064,0.9766674780915288,0.9450340798442064,0.9826923076923078,0.9493427458617333,>=0.30
pathway|Regulation of NFE2L2 Gene Expression,pathway,8,0.3795738280706636,0.9114944131350039,0.8492870575075572,0.9268728341710053,0.8492870575075572,0.9499404657250077,0.8693090878270023,>=0.30
pathway|Interleukin-6 Signaling,pathway,10,0.6589105268852103,0.9412893541058099,0.875097370983447,0.9520861733203505,0.875097370983447,0.9682814021421616,0.8952775073028237,>=0.30
complex|SMAD4-SKI-NCOR complex (human),complex,3,0.4333982473222981,0.920891378356056,0.867719909021297,0.9331481232715811,0.867719909021297,0.9515332406448685,0.8842001485580524,>=0.30
pathway|RUNX2 Regulates Chondrocyte Maturation,pathway,3,0.497484582927621,0.9209225900681597,0.8387536514118793,0.9350340798442065,0.8387536514118793,0.9562013145082766,0.849902629016553,>=0.30
data_derived|MODULE_0015,data_derived,110,0.4430061362397909,0.9886562804284322,0.9788948393378772,0.9878870496592015,0.9788948393378772,0.9867332035053555,0.9806718597857838,>=0.30
complex|Toposome (human),complex,7,0.4311308944220337,0.8287041544952939,0.7468841285296983,0.853201071080818,0.7468841285296983,0.8899464459591042,0.8092015579357352,>=0.30
complex|TIP5-DNMT-HDAC1 complex (human),complex,3,0.3795926647192469,0.8428882555052722,0.6821692218010428,0.8671022571612979,0.6800270210545669,0.903423259645336,0.6800270210545669,>=0.30
data_derived|MODULE_0046,data_derived,5,0.3459931840311588,0.9096437844855566,0.8254868549172346,0.8800000000000001,0.7871957156767285,0.8355343232716652,0.7871957156767285,>=0.30
pathway|Interleukin-35 Signalling,pathway,10,0.3878681164124203,0.8832237909769555,0.8074488802336903,0.9024513145082766,0.8074488802336903,0.9312925998052581,0.8799902629016554,>=0.30
pathway|Nephrin Family Interactions,pathway,15,0.4145082765335929,0.9484516746547552,0.9056341971726953,0.9564784098346042,0.9056341971726953,0.9685185126043773,0.923976679434062,>=0.30
pathway|Interleukin-27 Signaling,pathway,10,0.3750427350427351,0.9098872119441741,0.8517526777020448,0.9233592989289192,0.8517526777020448,0.943567429406037,0.9280671859785785,>=0.30
pathway|Eukaryotic Translation Elongation,pathway,91,0.820976961478422,0.9810012154706195,0.9712999026290166,0.9814238194833106,0.9712999026290166,0.9820577255023475,0.9772151898734177,>=0.30
data_derived|MODULE_0058,data_derived,13,0.5376881881507004,0.8942189641911774,0.7826452124763942,0.8961506063410255,0.7826452124763942,0.8990480695657977,0.7893763094219058,>=0.30
"complex|F1F0-ATP synthase (EC 3.6.3.14), mitochondrial (human)",complex,13,0.7151870646393529,0.9665627731584873,0.946811100292113,0.9670517343660517,0.9462025316455697,0.9677851761773981,0.9462025316455697,>=0.30
complex|YY1-MDM2-p53 complex (human),complex,3,0.4226874391431353,0.8928416755414851,0.8119085437622585,0.9103854222676395,0.8119085437622585,0.9367010423568711,0.8611177039941837,>=0.30
pathway|Oxygen-dependent Proline Hydroxylation of Hypoxia-inducible Factor Alpha,pathway,47,0.3028507584758244,0.9018068690035749,0.8513875365141187,0.9160584664024775,0.8513875365141187,0.9374358625008319,0.8838607594936709,>=0.30
complex|RANBPM-Muskelin-TWA1-HSMpp8 complex (human),complex,3,0.6727523531321,0.9691890080112809,0.9384063924613432,0.9748185074956803,0.9384063924613432,0.9832627567222791,0.9447355449027485,>=0.30
complex|AR coactivator complex (human),complex,3,0.4077653359298928,0.8957684193443688,0.7934518013631937,0.9156864654333008,0.7934518013631937,0.9455635345666992,0.8683544303797469,>=0.30
"complex|RICH1/AMOT polarity complex, Flag-Rich1 precipitated (human)",complex,7,0.4259424120183613,0.8976043689093053,0.8187760171855661,0.9121612977445919,0.8187760171855661,0.9339966909975219,0.8362545341945669,>=0.30
pathway|Regulation of Apoptosis,pathway,39,0.3803182165210044,0.9358759269177916,0.9100225780510415,0.9449974132189114,0.9100225780510415,0.9586796426705908,0.93356864654333,>=0.30
complex|FGFR2-c-Cbl-Lyn-Fyn complex (human),complex,3,0.3446608244076599,0.8652172398484299,0.7476600250733336,0.8876587244617891,0.7476600250733336,0.9213209513818278,0.8601805025749756,>=0.30
pathway|Viral mRNA Translation,pathway,87,0.8126846593460139,0.9819080059022628,0.9714216163583251,0.982049447237263,0.9714216163583251,0.9822616092397636,0.9768013631937682,>=0.30
pathway|NFE2L2 Regulating Inflammation Associated Genes,pathway,5,0.3290774099318403,0.9161465714011007,0.8638006792348603,0.930895194601496,0.8638006792348603,0.9530181294020886,0.8780413588936519,>=0.30
complex|OGT-TRAK1-TRAK2 complex (human),complex,3,0.5946851671535217,0.9196014117395177,0.8262099939904335,0.9368374691356551,0.8262099939904335,0.9626915552298614,0.9057869144941011,>=0.30
data_derived|MODULE_0028,data_derived,10,0.3405988315481986,0.9080493346316132,0.814508276533593,0.9263875365141188,0.814508276533593,0.9538948393378774,0.9008276533592989,>=0.30
regulon|CUX1 human,regulon,6,0.3048296007789679,0.875655563831322,0.7387703187230205,0.8942473139604294,0.7387703187230205,0.9221349391540907,0.8528046056913381,>=0.30
complex|BRCA1-BARD1-BACH1-DNA damage complex II (human),complex,7,0.5118931701210182,0.943293137836295,0.875662583162413,0.9477784052382887,0.875662583162413,0.9545063063412791,0.9331239844621705,>=0.30
data_derived|MODULE_0026,data_derived,8,0.3833095701766588,0.9107803781694018,0.8567238116262083,0.8978209570786928,0.8062244780119965,0.8783818254426292,0.8062244780119965,>=0.30
complex|Kif3-cadherin-catenin complex (mouse),complex,4,0.3895447906523857,0.9358487504057124,0.9030671859785784,0.9482570593962999,0.9030671859785784,0.9668695228821813,0.9487828627069134,>=0.30
data_derived|MODULE_0029,data_derived,8,0.4279976352761163,0.9371964046744258,0.8728388074577861,0.949532382064401,0.8728388074577861,0.9680363481493638,0.9309087811076786,>=0.30
complex|MDC1-MRE11-RAD50-NBS1 complex (human),complex,3,0.7174943200259657,0.947865952612788,0.8966893865628043,0.9571445959104187,0.8966893865628043,0.9710625608568646,0.9174537487828627,>=0.30
pathway|Peptide Chain Elongation,pathway,87,0.8307319325550423,0.9829222917946803,0.9740019474196691,0.9833554476639327,0.9740019474196691,0.984005181467811,0.9786270691333983,>=0.30
pathway|SARS-CoV-2 Targets Host Intracellular Signalling and Regulatory Pathways,pathway,10,0.335968841285297,0.7888816166219669,0.5808041773882553,0.8137646797725567,0.5808041773882553,0.8510892744984413,0.6527748195127525,>=0.30
pathway|Folding of Actin by CCT TriC,pathway,10,0.4098344693281403,0.9376273723753982,0.9069730644910432,0.908772732994627,0.7967867575462514,0.8654907739234703,0.7967867575462514,>=0.30
pathway|Negative Regulation of NOTCH4 Signaling,pathway,43,0.3628760455519361,0.9448389933784055,0.9169171972100455,0.9508103674275695,0.9169171972100455,0.9597674285013156,0.9345666991236612,>=0.30
"complex|Cytochrome c oxidase (EC 1.9.3.1), mitochondrial (mouse)",complex,8,0.9240828001112812,0.991374553716326,0.9863924050632912,0.9923953261927945,0.9863924050632912,0.9939264849074976,0.9915287244401169,>=0.30
regulon|ESRRA mouse,regulon,5,0.3747103213242454,0.9559046756382154,0.9150306114432827,0.9646156589356908,0.9150306114432827,0.9776821338819037,0.9574240193506086,>=0.30
pathway|Signaling by Cytosolic FGFR1 Fusion Mutants,pathway,17,0.3910395426427631,0.9587061788402541,0.9185603525552908,0.9668412277678247,0.9185603525552908,0.9790438011591804,0.9548071423192922,>=0.30
"complex|39S ribosomal subunit, mitochondrial (human)",complex,47,0.4496790180393033,0.9679983294927038,0.9424351414192377,0.9735929282762209,0.9424351414192377,0.9819848264514964,0.9475657254138268,>=0.30
pathway|G2 M DNA Replication Checkpoint,pathway,5,0.7442575462512172,0.976630778163264,0.9558660645820909,0.9694010150747914,0.9363737608118919,0.9585563704420826,0.9363737608118919,>=0.30
regulon|ARID3A human,regulon,4,0.35084388185654,0.9466041869522882,0.8813047711781888,0.9331183057448881,0.863510223953262,0.9128894839337878,0.863510223953262,>=0.30
pathway|IRAK4 Deficiency (TLR5),pathway,3,0.4822622525154171,0.8004381694255113,0.598904576436222,0.839676241480039,0.598904576436222,0.8985333495618306,0.6485150925024343,>=0.30
complex|p300-MDM2-p53 protein complex (human),complex,3,0.3699772801038623,0.9212059976142183,0.832405260514809,0.938082591120042,0.832405260514809,0.9633974813787776,0.9004071349189068,>=0.30
complex|FACT-NEK9 complex (human),complex,3,0.4815563128854268,0.8478253813696851,0.7032375851996104,0.8744717624148004,0.7032375851996104,0.9144413339824733,0.7371226874391432,>=0.30
complex|CDC2-CCNB1-CCNF complex (human),complex,3,0.7637455371632589,0.9787679514192499,0.9606192832412749,0.9814568331496556,0.9606192832412749,0.9854901557452639,0.969565296788261,>=0.30
