sample,individual,condition
AF11|L,AF11,L
AF11|NI,AF11,NI
AF11|S,AF11,S
AF17|L,AF17,L
AF17|NI,AF17,NI
AF17|S,AF17,S
AF19|L,AF19,L
AF19|NI,AF19,NI
AF19|S,AF19,S
AF21|L,AF21,L
AF21|NI,AF21,NI
AF21|S,AF21,S
AF23|L,AF23,L
AF23|NI,AF23,NI
AF23|S,AF23,S
AF25|L,AF25,L
AF25|NI,AF25,NI
AF25|S,AF25,S
AF27|L,AF27,L
AF27|NI,AF27,NI
AF27|S,AF27,S
AF29|L,AF29,L
AF29|NI,AF29,NI
AF29|S,AF29,S
AF31|L,AF31,L
AF31|NI,AF31,NI
AF31|S,AF31,S
AF35|L,AF35,L
AF35|NI,AF35,NI
AF35|S,AF35,S
AF37|L,AF37,L
AF37|NI,AF37,NI
AF37|S,AF37,S
AF39|L,AF39,L
AF39|NI,AF39,NI
AF39|S,AF39,S
AF41|L,AF41,L
AF41|NI,AF41,NI
AF41|S,AF41,S
AF43|L,AF43,L
AF43|NI,AF43,NI
AF43|S,AF43,S
AF47|L,AF47,L
AF47|NI,AF47,NI
AF47|S,AF47,S
AF53|L,AF53,L
AF53|NI,AF53,NI
AF53|S,AF53,S
AF57|L,AF57,L
AF57|NI,AF57,NI
AF57|S,AF57,S
AF59|L,AF59,L
AF59|NI,AF59,NI
AF59|S,AF59,S
AF61|L,AF61,L
AF61|NI,AF61,NI
AF61|S,AF61,S
AF63|L,AF63,L
AF63|NI,AF63,NI
AF63|S,AF63,S
AF65|L,AF65,L
AF65|NI,AF65,NI
AF65|S,AF65,S
AF67|L,AF67,L
AF67|NI,AF67,NI
AF67|S,AF67,S
AF69|L,AF69,L
AF69|NI,AF69,NI
AF69|S,AF69,S
AF71|L,AF71,L
AF71|NI,AF71,NI
AF71|S,AF71,S
AF77|L,AF77,L
AF77|NI,AF77,NI
AF77|S,AF77,S
AF79|L,AF79,L
AF79|NI,AF79,NI
AF79|S,AF79,S
EU06|L,EU06,L
EU06|NI,EU06,NI
EU06|S,EU06,S
EU14|L,EU14,L
EU14|NI,EU14,NI
EU14|S,EU14,S
EU16|L,EU16,L
EU16|NI,EU16,NI
EU16|S,EU16,S
EU20|NI,EU20,NI
EU20|S,EU20,S
EU22|L,EU22,L
EU22|NI,EU22,NI
EU22|S,EU22,S
EU24|L,EU24,L
EU24|NI,EU24,NI
EU24|S,EU24,S
EU26|L,EU26,L
EU26|NI,EU26,NI
EU26|S,EU26,S
EU28|L,EU28,L
EU28|NI,EU28,NI
EU28|S,EU28,S
EU30|L,EU30,L
EU30|NI,EU30,NI
EU30|S,EU30,S
EU34|L,EU34,L
EU34|NI,EU34,NI
EU34|S,EU34,S
EU36|L,EU36,L
EU36|NI,EU36,NI
EU36|S,EU36,S
EU42|L,EU42,L
EU42|NI,EU42,NI
EU42|S,EU42,S
EU46|L,EU46,L
EU46|NI,EU46,NI
EU46|S,EU46,S
EU48|L,EU48,L
EU48|NI,EU48,NI
EU48|S,EU48,S
EU50|L,EU50,L
EU50|NI,EU50,NI
EU50|S,EU50,S
EU52|L,EU52,L
EU52|NI,EU52,NI
EU52|S,EU52,S
EU54|L,EU54,L
EU54|NI,EU54,NI
EU54|S,EU54,S
EU58|L,EU58,L
EU58|NI,EU58,NI
EU58|S,EU58,S
EU60|L,EU60,L
EU60|NI,EU60,NI
EU60|S,EU60,S
EU62|L,EU62,L
EU62|NI,EU62,NI
EU62|S,EU62,S
EU64|L,EU64,L
EU64|NI,EU64,NI
EU64|S,EU64,S
EU66|L,EU66,L
EU66|NI,EU66,NI
EU66|S,EU66,S
EU68|L,EU68,L
EU68|NI,EU68,NI
EU68|S,EU68,S
EU70|L,EU70,L
EU70|NI,EU70,NI
EU70|S,EU70,S
EU72|L,EU72,L
EU72|NI,EU72,NI
EU72|S,EU72,S
EU74|L,EU74,L
EU74|NI,EU74,NI
EU74|S,EU74,S
EU76|L,EU76,L
EU76|NI,EU76,NI
EU76|S,EU76,S
EU78|L,EU78,L
EU78|NI,EU78,NI
EU78|S,EU78,S
EU80|L,EU80,L
EU80|NI,EU80,NI
EU80|S,EU80,S
AF101|L,AF101,L
AF101|NI,AF101,NI
AF101|S,AF101,S
AF105|L,AF105,L
AF105|NI,AF105,NI
AF105|S,AF105,S
AF107|L,AF107,L
AF107|NI,AF107,NI
AF107|S,AF107,S
AF109|L,AF109,L
AF109|NI,AF109,NI
AF109|S,AF109,S
AF111|L,AF111,L
AF111|NI,AF111,NI
AF111|S,AF111,S
AF113|L,AF113,L
AF113|NI,AF113,NI
AF113|S,AF113,S
AF115|L,AF115,L
AF115|NI,AF115,NI
AF115|S,AF115,S
AF117|NI,AF117,NI
AF117|S,AF117,S
AF119|L,AF119,L
AF119|NI,AF119,NI
AF119|S,AF119,S
AF125|L,AF125,L
AF125|NI,AF125,NI
AF125|S,AF125,S
AF127|L,AF127,L
AF127|NI,AF127,NI
AF127|S,AF127,S
AF129|L,AF129,L
AF129|NI,AF129,NI
AF129|S,AF129,S
AF131|L,AF131,L
AF131|NI,AF131,NI
AF131|S,AF131,S
AF133|L,AF133,L
AF133|NI,AF133,NI
AF133|S,AF133,S
AF137|L,AF137,L
AF137|NI,AF137,NI
AF137|S,AF137,S
AF139|L,AF139,L
AF139|NI,AF139,NI
AF139|S,AF139,S
AF141|L,AF141,L
AF141|NI,AF141,NI
AF141|S,AF141,S
AF143|L,AF143,L
AF143|NI,AF143,NI
AF143|S,AF143,S
AF145|L,AF145,L
AF145|NI,AF145,NI
AF145|S,AF145,S
AF147|L,AF147,L
AF147|NI,AF147,NI
AF147|S,AF147,S
AF149|L,AF149,L
AF149|NI,AF149,NI
AF149|S,AF149,S
AF151|L,AF151,L
AF151|NI,AF151,NI
AF151|S,AF151,S
AF153|L,AF153,L
AF153|NI,AF153,NI
AF153|S,AF153,S
AF155|L,AF155,L
AF155|NI,AF155,NI
AF155|S,AF155,S
AF157|L,AF157,L
AF157|NI,AF157,NI
AF157|S,AF157,S
AF159|L,AF159,L
AF159|NI,AF159,NI
AF159|S,AF159,S
AF161|NI,AF161,NI
AF163|L,AF163,L
AF163|NI,AF163,NI
AF163|S,AF163,S
AF165|L,AF165,L
AF165|NI,AF165,NI
AF165|S,AF165,S
AF167|L,AF167,L
AF167|NI,AF167,NI
AF167|S,AF167,S
AF169|L,AF169,L
AF169|NI,AF169,NI
AF169|S,AF169,S
AF171|L,AF171,L
AF171|NI,AF171,NI
AF171|S,AF171,S
AF173|L,AF173,L
AF173|NI,AF173,NI
AF173|S,AF173,S
AF175|L,AF175,L
AF175|NI,AF175,NI
AF175|S,AF175,S
AF177|L,AF177,L
AF177|NI,AF177,NI
AF177|S,AF177,S
AF179|L,AF179,L
AF179|NI,AF179,NI
AF179|S,AF179,S
AF181|L,AF181,L
AF181|NI,AF181,NI
AF181|S,AF181,S
AF183|L,AF183,L
AF183|NI,AF183,NI
AF183|S,AF183,S
AF185|L,AF185,L
AF185|NI,AF185,NI
AF185|S,AF185,S
AF187|L,AF187,L
AF187|NI,AF187,NI
AF187|S,AF187,S
AF189|L,AF189,L
AF189|NI,AF189,NI
AF189|S,AF189,S
AF191|L,AF191,L
AF191|NI,AF191,NI
AF191|S,AF191,S
AF193|L,AF193,L
AF193|NI,AF193,NI
AF193|S,AF193,S
AF195|L,AF195,L
AF195|NI,AF195,NI
AF195|S,AF195,S
AF55|L,AF55,L
AF55|S,AF55,S
AF89|S,AF89,S
AF91|S,AF91,S
AF93|L,AF93,L
AF93|NI,AF93,NI
AF93|S,AF93,S
AF95|L,AF95,L
AF95|NI,AF95,NI
AF95|S,AF95,S
AF97|L,AF97,L
AF97|NI,AF97,NI
AF97|S,AF97,S
EU104|L,EU104,L
EU104|NI,EU104,NI
EU104|S,EU104,S
EU110|L,EU110,L
EU110|NI,EU110,NI
EU110|S,EU110,S
EU118|L,EU118,L
EU118|NI,EU118,NI
EU118|S,EU118,S
EU120|L,EU120,L
EU120|NI,EU120,NI
EU120|S,EU120,S
EU122|L,EU122,L
EU122|NI,EU122,NI
EU122|S,EU122,S
EU126|L,EU126,L
EU126|NI,EU126,NI
EU126|S,EU126,S
EU128|L,EU128,L
EU128|NI,EU128,NI
EU128|S,EU128,S
EU130|L,EU130,L
EU130|NI,EU130,NI
EU130|S,EU130,S
EU134|L,EU134,L
EU134|NI,EU134,NI
EU134|S,EU134,S
EU136|L,EU136,L
EU136|NI,EU136,NI
EU136|S,EU136,S
EU138|L,EU138,L
EU138|NI,EU138,NI
EU138|S,EU138,S
EU140|L,EU140,L
EU140|NI,EU140,NI
EU140|S,EU140,S
EU144|L,EU144,L
EU144|NI,EU144,NI
EU144|S,EU144,S
EU148|L,EU148,L
EU148|NI,EU148,NI
EU148|S,EU148,S
EU152|L,EU152,L
EU152|NI,EU152,NI
EU152|S,EU152,S
EU156|L,EU156,L
EU156|NI,EU156,NI
EU156|S,EU156,S
EU162|L,EU162,L
EU162|NI,EU162,NI
EU162|S,EU162,S
EU164|L,EU164,L
EU164|NI,EU164,NI
EU164|S,EU164,S
EU168|L,EU168,L
EU168|NI,EU168,NI
EU168|S,EU168,S
EU170|L,EU170,L
EU170|NI,EU170,NI
EU170|S,EU170,S
EU184|L,EU184,L
EU184|NI,EU184,NI
EU184|S,EU184,S
EU190|L,EU190,L
EU190|NI,EU190,NI
EU190|S,EU190,S
EU200|L,EU200,L
EU200|NI,EU200,NI
EU200|S,EU200,S
EU202|L,EU202,L
EU202|NI,EU202,NI
EU202|S,EU202,S
EU210|L,EU210,L
EU210|NI,EU210,NI
EU210|S,EU210,S
EU212|L,EU212,L
EU212|NI,EU212,NI
EU212|S,EU212,S
EU214|L,EU214,L
EU214|NI,EU214,NI
EU214|S,EU214,S
EU224|L,EU224,L
EU224|NI,EU224,NI
EU224|S,EU224,S
EU232|L,EU232,L
EU232|NI,EU232,NI
EU232|S,EU232,S
EU238|L,EU238,L
EU238|NI,EU238,NI
EU238|S,EU238,S
EU240|L,EU240,L
EU240|S,EU240,S
EU242|L,EU242,L
EU242|NI,EU242,NI
EU242|S,EU242,S
EU246|L,EU246,L
EU248|L,EU248,L
EU248|NI,EU248,NI
EU248|S,EU248,S
EU252|NI,EU252,NI
EU252|S,EU252,S
EU254|L,EU254,L
EU254|NI,EU254,NI
EU254|S,EU254,S
EU258|L,EU258,L
EU258|NI,EU258,NI
EU258|S,EU258,S
EU260|L,EU260,L
EU260|NI,EU260,NI
EU260|S,EU260,S
EU262|L,EU262,L
EU262|NI,EU262,NI
EU262|S,EU262,S
EU264|L,EU264,L
EU264|NI,EU264,NI
EU264|S,EU264,S
EU266|L,EU266,L
EU266|NI,EU266,NI
EU266|S,EU266,S
EU268|L,EU268,L
EU268|NI,EU268,NI
EU268|S,EU268,S
EU270|L,EU270,L
EU270|NI,EU270,NI
EU270|S,EU270,S
EU272|L,EU272,L
EU272|NI,EU272,NI
EU272|S,EU272,S
EU274|L,EU274,L
EU274|NI,EU274,NI
EU274|S,EU274,S
EU276|L,EU276,L
EU276|NI,EU276,NI
EU276|S,EU276,S
EU278|L,EU278,L
EU278|NI,EU278,NI
EU278|S,EU278,S
EU280|L,EU280,L
EU280|NI,EU280,NI
EU280|S,EU280,S
EU282|L,EU282,L
EU282|NI,EU282,NI
EU282|S,EU282,S
EU284|L,EU284,L
EU284|NI,EU284,NI
EU284|S,EU284,S
EU286|L,EU286,L
EU286|NI,EU286,NI
EU286|S,EU286,S
EU288|L,EU288,L
EU288|NI,EU288,NI
EU288|S,EU288,S
EU290|L,EU290,L
EU290|NI,EU290,NI
EU290|S,EU290,S
EU298|L,EU298,L
EU298|NI,EU298,NI
EU298|S,EU298,S
EU300|L,EU300,L
EU300|NI,EU300,NI
EU300|S,EU300,S
EU302|L,EU302,L
EU302|NI,EU302,NI
EU302|S,EU302,S
EU306|L,EU306,L
EU306|NI,EU306,NI
EU306|S,EU306,S
EU40|L,EU40,L
EU40|S,EU40,S
EU56|L,EU56,L
EU56|NI,EU56,NI
EU96|L,EU96,L
EU96|NI,EU96,NI
EU96|S,EU96,S
